rssi,node,millis
-68.0,192.168.4.5,22768
-66.99950024987507,192.168.4.5,22816
-67.33355548150617,192.168.4.5,22832
-68.00249625611471,192.168.4.5,22864
-69.00798084887298,192.168.4.5,22896
-68.83844872471978,192.168.4.5,22912
-69.29594698530045,192.168.4.5,22928
-69.89419157253823,192.168.4.5,22944
-69.67898526447652,192.168.4.5,22960
-69.91765118160949,192.168.4.5,23008
-69.83133510086833,192.168.4.5,23024
-69.75916717163531,192.168.4.5,23040
-69.69788602699649,192.168.4.5,23056
-69.720710033676,192.168.4.5,23072
-69.59835934991042,192.168.4.5,23088
-69.62537182657616,192.168.4.5,23104
-69.58541418498312,192.168.4.5,23120
-69.67161846140881,192.168.4.5,23136
-69.6907719211389,192.168.4.5,23152
-69.70809001984368,192.168.4.5,23168
-69.72383273825298,192.168.4.5,23184
-69.68614287893439,192.168.4.5,23232
-69.60116908208906,192.168.4.5,23248
-69.52289911620127,192.168.4.5,23264
-69.498054650577,192.168.4.5,23280
-69.47501050248286,192.168.4.5,23296
-69.49870583176003,192.168.4.5,23312
-69.47671275395676,192.168.4.5,23328
-69.4561406718878,192.168.4.5,23344
-69.43685189508996,192.168.4.5,23360
-69.46021741214562,192.168.4.5,23376
-69.48221841348438,192.168.4.5,23392
-69.50297373586385,192.168.4.5,23408
-69.56205196283992,192.168.4.5,23424
-69.50130363140354,192.168.4.5,23440
-69.48207367230944,192.168.4.5,23456
-69.46381784647404,192.168.4.5,23472
-69.44646406975204,192.168.4.5,23488
-69.46694154699685,192.168.4.5,23504
-69.44984997230867,192.168.4.5,23520
-69.54226864066686,192.168.4.5,23536
-69.52279934077956,192.168.4.5,23552
-69.5041928974737,192.168.4.5,23568
-69.45109720958581,192.168.4.5,23584
-69.40026958467222,192.168.4.5,23616
-69.38635052294582,192.168.4.5,23632
-69.40754513243016,192.168.4.5,23648
-69.3935586007023,192.168.4.5,23664
-69.38013270279379,192.168.4.5,23696
-69.40116041649507,192.168.4.5,23712
-69.38762346995726,192.168.4.5,23728
-69.37460791563207,192.168.4.5,23744
-69.32866554647755,192.168.4.5,23760
-69.31772863960839,192.168.4.5,23792
-69.30719887402033,192.168.4.5,23808
-69.26404348085529,192.168.4.5,23872
-69.22246306222225,192.168.4.5,23888
-69.21516992718921,192.168.4.5,23904
-69.2081382717621,192.168.4.5,23936
-69.16877447852629,192.168.4.5,23952
-69.13079974430342,192.168.4.5,23968
-69.06174954452659,192.168.4.5,23984
-69.02742753965327,192.168.4.5,24000
-69.02654297136216,192.168.4.5,24016
-68.96132670337485,192.168.4.5,24032
-68.96256871256035,192.168.4.5,24048
-68.89966065117812,192.168.4.5,24080
-68.87087480684457,192.168.4.5,24096
-68.81111465930846,192.168.4.5,24112
-68.7852467809634,192.168.4.5,24128
-68.79208545730397,192.168.4.5,24144
-68.79869711926543,192.168.4.5,24160
-68.74157367442899,192.168.4.5,24176
-68.74977074309547,192.168.4.5,24208
-68.78938118639338,192.168.4.5,24224
-68.82769509296394,192.168.4.5,24240
-68.86475867888323,192.168.4.5,24256
-68.90061617603857,192.168.4.5,24272
-68.90375247785347,192.168.4.5,24288
-68.96984905178309,192.168.4.5,24304
-68.93929300369471,192.168.4.5,24320
-68.97268682855255,192.168.4.5,24336
-68.9420854346424,192.168.4.5,24352
-68.97534639261879,192.168.4.5,24368
-68.88185856293632,192.168.4.5,24384
-68.9169712455126,192.168.4.5,24400
-68.91957716415195,192.168.4.5,24416
-68.92210001264311,192.168.4.5,24432
-68.89318770294636,192.168.4.5,24448
-68.92787611295267,192.168.4.5,24480
-68.89880792359591,192.168.4.5,24496
-68.93329209628892,192.168.4.5,24512
-68.9353803019487,192.168.4.5,24528
-68.96869528263177,192.168.4.5,24544
-68.96967457686307,192.168.4.5,24560
-68.93934988196226,192.168.4.5,24608
-68.9412460518781,192.168.4.5,24624
-68.97433808609095,192.168.4.5,24640
-68.97513996255522,192.168.4.5,24656
-69.00715689533475,192.168.4.5,24672
-69.0069333616891,192.168.4.5,24688
-61.0,192.168.4.2,24688
-62.00049975012494,192.168.4.2,24704
-69.037943638102,192.168.4.5,24704
-62.66810963112196,192.168.4.2,24720
-69.06797965549032,192.168.4.5,24720
-69.03464280009123,192.168.4.5,24736
-63.25311957182779,192.168.4.2,24736
-69.06477108610802,192.168.4.5,24752
-63.4033899471284,192.168.4.2,24752
-63.50373368844805,192.168.4.2,24768
-69.09395433621526,192.168.4.5,24768
-63.86496062928896,192.168.4.2,24784
-69.15342225083279,192.168.4.5,24784
-64.13648727728295,192.168.4.2,24800
-69.24222168516698,192.168.4.5,24800
-65.82518748282655,192.168.4.2,24816
-69.23466655891063,192.168.4.5,24816
-65.63750662158024,192.168.4.2,24848
-69.2273480088494,192.168.4.5,24848
-65.67160346398275,192.168.4.2,24864
-69.22025854327941,192.168.4.5,24864
-69.24457076366032,192.168.4.5,24880
-65.26606308941982,192.168.4.2,24880
-65.24458606660458,192.168.4.2,24896
-69.26812247154444,192.168.4.5,24896
-69.25976414698407,192.168.4.5,24912
-64.77282214030203,192.168.4.2,24912
-69.28283778864458,192.168.4.5,24928
-64.50455650602447,192.168.4.2,24928
-69.27402230951299,192.168.4.5,24944
-64.33611171797351,192.168.4.2,24944
-64.18684769490561,192.168.4.2,24960
-69.29664772301672,192.168.4.5,24960
-64.05358209787269,192.168.4.2,24976
-69.25624020519648,192.168.4.5,24976
-69.27941638320469,192.168.4.5,24992
-69.30186886509723,192.168.4.5,25008
-63.87547628231723,192.168.4.2,25008
-69.29246360239162,192.168.4.5,25024
-63.7704415665331,192.168.4.2,25024
-63.67496157291615,192.168.4.2,25040
-69.3145068566092,192.168.4.5,25040
-63.58774658150858,192.168.4.2,25056
-69.30470895825204,192.168.4.5,25056
-63.45733613109452,192.168.4.2,25072
-69.29521679059442,192.168.4.5,25072
-63.38609715293551,192.168.4.2,25120
-69.28602076892571,192.168.4.5,25120
-63.7478559352503,192.168.4.2,25152
-69.40170614362535,192.168.4.5,25152
-63.7132539033146,192.168.4.2,25184
-69.35804679607114,192.168.4.5,25184
-69.31574903060122,192.168.4.5,25200
-63.6359264223527,192.168.4.2,25200
-69.33705992185962,192.168.4.5,25232
-63.563781573032905,192.168.4.2,25232
-63.49629807780156,192.168.4.2,25248
-69.35770635242703,192.168.4.5,25248
-63.39073736065634,192.168.4.2,25264
-69.34656641324307,192.168.4.5,25264
-69.33577374090943,192.168.4.5,25280
-69.32531747933203,192.168.4.5,25296
-69.31518711457176,192.168.4.5,25312
-69.27423333943611,192.168.4.5,25328
-69.26569416172694,192.168.4.5,25344
-69.25742106953808,192.168.4.5,25360
-69.28054273628202,192.168.4.5,25376
-69.24067130496567,192.168.4.5,25392
-69.2020420565087,192.168.4.5,25408
-69.16461622482284,192.168.4.5,25424
-69.1594909496845,192.168.4.5,25440
-69.12339112409794,192.168.4.5,25456
-69.15068324051322,192.168.4.5,25472
-69.20825860014376,192.168.4.5,25488
-69.20177490377381,192.168.4.5,25504
-69.19549314018667,192.168.4.5,25536
-69.22053918938921,192.168.4.5,25552
-69.18254155591431,192.168.4.5,25568
-69.17685875819953,192.168.4.5,25584
-69.17135292669153,192.168.4.5,25600
-69.16601854583294,192.168.4.5,25632
-69.16085027239747,192.168.4.5,25648
-69.12471247404797,192.168.4.5,25664
-69.15196037395498,192.168.4.5,25680
-69.14722984550784,192.168.4.5,25696
-69.1737764200384,192.168.4.5,25712
-69.1994964485959,192.168.4.5,25728
-69.19328623474262,192.168.4.5,25744
-63.457507102610165,192.168.4.2,25776
-69.21839865274657,192.168.4.5,25776
-63.47961857346954,192.168.4.2,25808
-69.21160009424742,192.168.4.5,25808
-63.50047811067443,192.168.4.2,25824
-69.20501319995317,192.168.4.5,25824
-63.55965482430695,192.168.4.2,25840
-69.19863137716689,192.168.4.5,25840
-69.25470565719557,192.168.4.5,25856
-63.65456005222436,192.168.4.2,25856
-69.24677702976803,192.168.4.5,25872
-63.66781109540271,192.168.4.2,25872
-63.718260248756536,192.168.4.2,25888
-69.23909523742631,192.168.4.5,25888
-63.72880156098495,192.168.4.2,25904
-69.23165259312353,192.168.4.5,25904
-69.22444164943637,192.168.4.5,25920
-63.77582820494087,192.168.4.2,25920
-69.21745519107475,192.168.4.5,25936
-63.78403361952194,192.168.4.2,25936
-69.24181431159724,192.168.4.5,25952
-63.82810082828685,192.168.4.2,25952
-69.23428711547808,192.168.4.5,25968
-63.87017601888558,192.168.4.2,25968
-69.2581221671894,192.168.4.5,25984
-63.945976514534586,192.168.4.2,25984
-63.94788346019807,192.168.4.2,26000
-69.25008737912889,192.168.4.5,26000
-69.24230271392035,192.168.4.5,26016
-63.9497089477804,192.168.4.2,26016
-69.23476038368807,192.168.4.5,26032
-64.02100621543637,192.168.4.2,26032
-69.22745284318184,192.168.4.5,26048
-64.12389656616756,192.168.4.2,26048
-69.25150038156765,192.168.4.5,26080
-64.22260149165649,192.168.4.2,26080
-64.31734994527372,192.168.4.2,26096
-69.33705442996497,192.168.4.5,26096
-69.41994525747577,192.168.4.5,26112
-64.34050743393888,192.168.4.2,26112
-69.50025577984535,192.168.4.5,26128
-64.32901719028715,192.168.4.2,26128
-64.31796950755891,192.168.4.2,26144
-69.48468411564734,192.168.4.5,26144
-69.43846981355344,192.168.4.5,26160
-64.30734227900157,192.168.4.2,26160
-64.33039164656674,192.168.4.2,26176
-69.42482142134352,192.168.4.5,26176
-64.35258296997449,192.168.4.2,26192
-69.3804705944665,192.168.4.5,26192
-69.39975484354031,192.168.4.5,26208
-64.34094292269863,192.168.4.2,26208
-64.36262245318339,192.168.4.2,26224
-64.38351796936269,192.168.4.2,26240
-69.41843880759814,192.168.4.5,26240
-69.40541398269687,192.168.4.5,26256
-64.37098477643052,192.168.4.2,26256
-64.32631508709923,192.168.4.2,26272
-69.39279459550129,192.168.4.5,26272
-69.41169516106247,192.168.4.5,26288
-64.31571276053138,192.168.4.2,26288
-64.37029338016858,192.168.4.2,26304
-69.39888027983113,192.168.4.5,26304
-69.41759138636904,192.168.4.5,26320
-64.35832331503954,192.168.4.2,26320
-69.37346592546601,192.168.4.5,26336
-64.3145158956078,192.168.4.2,26336
-69.36184103459993,192.168.4.5,26352
-64.30439444581665,192.168.4.2,26352
-64.29461869017358,192.168.4.2,26368
-69.35057799925585,192.168.4.5,26368
-64.25312105928464,192.168.4.2,26384
-69.30853854714096,192.168.4.5,26384
-64.24502211286459,192.168.4.2,26400
-69.26780767973962,192.168.4.5,26400
-64.20525317435609,192.168.4.2,26416
-69.22834466200617,192.168.4.5,26416
-64.1987072882927,192.168.4.2,26448
-69.2212369868972,192.168.4.5,26448
-69.21435055523165,192.168.4.5,26464
-64.16053523569913,192.168.4.2,26464
-69.17655154761428,192.168.4.5,26480
-64.15543023102951,192.168.4.2,26480
-69.13992912180107,192.168.4.5,26496
-64.11873580685013,192.168.4.2,26496
-64.08325043511748,192.168.4.2,26512
-69.13557356086682,192.168.4.5,26512
-64.11229539343823,192.168.4.2,26528
-69.10022667929893,192.168.4.5,26528
-64.07709324615283,192.168.4.2,26544
-69.09710693478132,192.168.4.5,26544
-69.09408429913758,192.168.4.5,26560
-64.04303987161495,192.168.4.2,26560
-69.0600288813343,192.168.4.5,26576
-64.01009463034013,192.168.4.2,26576
-69.02703351106452,192.168.4.5,26592
-63.97821860166579,192.168.4.2,26592
-69.02619204297456,192.168.4.5,26608
-63.94737448738957,192.168.4.2,26608
-63.949032505914246,192.168.4.2,26624
-68.99424992313654,192.168.4.5,26624
-68.99442890484266,192.168.4.5,26640
-63.91915448550212,192.168.4.2,26640
-63.85877657078037,192.168.4.2,26656
-68.99460231537752,192.168.4.5,26656
-63.86321665195363,192.168.4.2,26672
-68.99477032815852,192.168.4.5,26672
-63.83609367510054,192.168.4.2,26688
-68.96380629271025,192.168.4.5,26688
-68.96493288746963,192.168.4.5,26720
-63.809838059447,192.168.4.2,26720
-63.78442069522192,192.168.4.2,26736
-68.96602441474445,192.168.4.5,26736
-63.75981357279807,192.168.4.2,26752
-68.96708196609566,192.168.4.5,26752
-68.96810659910523,192.168.4.5,26768
-63.73598973045198,192.168.4.2,26768
-63.7129232054429,192.168.4.2,26784
-69.00022613272147,192.168.4.5,26784
-68.96909230363696,192.168.4.5,26816
-63.72191665026557,192.168.4.2,26816
-69.00118114745894,192.168.4.5,26832
-63.69930960561719,192.168.4.2,26832
-68.97001759909868,192.168.4.5,26848
-63.677418612269406,192.168.4.2,26848
-63.65622025568873,192.168.4.2,26864
-68.90869729520736,192.168.4.5,26864
-63.666974593972114,192.168.4.2,26880
-68.91153925410633,192.168.4.5,26880
-68.88316597799275,192.168.4.5,26896
-63.64611625494643,192.168.4.2,26896
-68.85567587283525,192.168.4.5,26912
-63.62591602707548,192.168.4.2,26912
-63.63760826175612,192.168.4.2,26928
-68.82904144807814,192.168.4.5,26928
-68.80323606888692,192.168.4.5,26944
-63.61768445325385,192.168.4.2,26944
-68.80936069329144,192.168.4.5,26960
-63.56714750917762,192.168.4.2,26960
-68.78416791589234,192.168.4.5,26976
-63.580666932164654,192.168.4.2,26976
-68.79088606930412,192.168.4.5,26992
-63.562534571882274,192.168.4.2,26992
-68.76626835017296,192.168.4.5,27008
-63.54497188132509,192.168.4.2,27008
-68.8046704142717,192.168.4.5,27024
-63.52796065015519,192.168.4.2,27024
-68.81075039031512,192.168.4.5,27040
-63.511483278385455,192.168.4.2,27040
-68.78551436328262,192.168.4.5,27056
-63.49552275340909,192.168.4.2,27056
-68.79219060437826,192.168.4.5,27072
-63.511262255560986,192.168.4.2,27072
-68.76753228544281,192.168.4.5,27104
-63.52650850529249,192.168.4.2,27104
-63.47889524357758,192.168.4.2,27120
-68.74364150081827,192.168.4.5,27120
-68.75162110711076,192.168.4.5,27136
-63.49514694669509,192.168.4.2,27136
-63.54207326007387,192.168.4.2,27152
-68.7593523339328,192.168.4.5,27152
-63.52517149802451,192.168.4.2,27168
-68.76684291256346,192.168.4.5,27168
-63.50879844133628,192.168.4.2,27184
-68.74297358922989,192.168.4.5,27184
-63.52411092905214,192.168.4.2,27200
-68.75097398438234,192.168.4.5,27200
-63.57011536860338,192.168.4.2,27216
-68.72759861047614,192.168.4.5,27216
-63.58351399901706,192.168.4.2,27232
-68.73607757818637,192.168.4.5,27232
-63.565328529014366,192.168.4.2,27248
-68.74429262305486,192.168.4.5,27248
-63.54771115908039,192.168.4.2,27264
-68.75225196016449,192.168.4.5,27264
-63.49948318335654,192.168.4.2,27280
-68.75996354888692,192.168.4.5,27280
-63.48391991371155,192.168.4.2,27296
-68.73630836187935,192.168.4.5,27296
-63.46884252600061,192.168.4.2,27328
-68.71338948414336,192.168.4.5,27328
-63.45423576509957,192.168.4.2,27344
-68.75343747232526,192.168.4.5,27344
-63.47123807327874,192.168.4.2,27376
-68.76111215934631,192.168.4.5,27376
-63.45655825938724,192.168.4.2,27392
-68.73742122150135,192.168.4.5,27392
-63.44233644077759,192.168.4.2,27408
-68.71446770558532,192.168.4.5,27408
-63.42855826548072,192.168.4.2,27424
-68.6922286580183,192.168.4.5,27424
-63.38406254710373,192.168.4.2,27440
-68.70180857516583,192.168.4.5,27440
-63.3721005237109,192.168.4.2,27456
-68.67996356556476,192.168.4.5,27456
-63.36051151009947,192.168.4.2,27472
-68.65879852003577,192.168.4.5,27472
-63.349283834918175,192.168.4.2,27488
-68.6382922734875,192.168.4.5,27488
-63.33840619561283,192.168.4.2,27504
-68.58729758556166,192.168.4.5,27504
-63.32786764644777,192.168.4.2,27520
-68.60014366374281,192.168.4.5,27520
-68.61258988535643,192.168.4.5,27536
-63.28651679091683,192.168.4.2,27536
-63.27759467702399,192.168.4.2,27552
-68.59352196341634,192.168.4.5,27552
-63.300089746224536,192.168.4.2,27568
-68.60617429672409,192.168.4.5,27568
-63.29074544229351,192.168.4.2,27584
-68.58730607138989,192.168.4.5,27584
-63.281692312063065,192.168.4.2,27600
-68.56902515239085,192.168.4.5,27600
-63.2417842816947,192.168.4.2,27616
-68.58243999111276,192.168.4.5,27616
-63.26539235433361,192.168.4.2,27632
-68.56431053752351,192.168.4.5,27632
-63.25712916072778,192.168.4.2,27648
-68.57787212663857,192.168.4.5,27648
-63.24912339034827,192.168.4.2,27664
-68.59101158773304,192.168.4.5,27664
-63.27250170086141,192.168.4.2,27712
-68.63486879191109,192.168.4.5,27712
-68.67736086446153,192.168.4.5,27776
-63.32628598207287,192.168.4.2,27776
-63.347261221901405,192.168.4.2,27792
-68.65627683481235,192.168.4.5,27792
-68.66697581338585,192.168.4.5,27824
-63.36758314333592,192.168.4.2,27824
-63.356139210214025,192.168.4.2,27840
-68.70846849877513,192.168.4.5,27840
-68.71754292138348,192.168.4.5,27888
-63.40731675835544,192.168.4.2,27888
-68.757461617713,192.168.4.5,27904
-63.425768277383135,192.168.4.2,27904
-63.41251332654674,192.168.4.2,27920
-68.73388431387647,192.168.4.5,27920
-68.77329435583002,192.168.4.5,27952
-63.46193421372479,192.168.4.2,27952
-68.78035096133614,192.168.4.5,27968
-63.47868486599449,192.168.4.2,27968
-63.49491390582372,192.168.4.2,27984
-68.75606118727366,192.168.4.5,27984
-63.47950688982149,192.168.4.2,28000
-68.76365420493458,192.168.4.5,28000
-63.52684053371509,192.168.4.2,28016
-68.77101087676421,192.168.4.5,28016
-68.77813855943766,192.168.4.5,28032
-63.510439867986406,192.168.4.2,28032
-63.52567988135832,192.168.4.2,28048
-68.78504438064058,192.168.4.5,28048
-68.7917352461969,192.168.4.5,28064
-63.5404453774472,192.168.4.2,28064
-68.79821784697462,192.168.4.5,28080
-63.52362151659544,192.168.4.2,28080
-63.50732146905514,192.168.4.2,28096
-68.77337193554648,192.168.4.5,28096
-63.52265819658293,192.168.4.2,28128
-68.7804261261145,192.168.4.5,28128
-63.5063883053549,192.168.4.2,28144
-68.78726074278703,192.168.4.5,28144
-68.76275589029557,192.168.4.5,28160
-63.52175393204137,192.168.4.2,28160
-68.73901379376056,192.168.4.5,28176
-63.53664117664144,192.168.4.2,28176
-68.74713744088518,192.168.4.5,28192
-63.61332235711791,192.168.4.2,28192
-68.75500822543137,192.168.4.5,28208
-63.59423049824004,192.168.4.2,28208
-68.79376074791932,192.168.4.5,28224
-63.575733009657405,192.168.4.2,28224
-68.80018030137263,192.168.4.5,28240
-63.58893974824628,192.168.4.2,28240
-68.77527330544399,192.168.4.5,28256
-63.60173534136896,192.168.4.2,28256
-68.81339504215072,192.168.4.5,28272
-63.61413259233115,192.168.4.2,28272
-63.59501582142837,192.168.4.2,28288
-68.8192034442185,192.168.4.5,28288
-63.54536616743661,192.168.4.2,28304
-68.82483104972106,192.168.4.5,28304
-63.55951797437091,192.168.4.2,28320
-68.83028348626473,192.168.4.5,28320
-68.83556620628684,192.168.4.5,28336
-63.60435708256117,192.168.4.2,28336
-68.84068449250813,192.168.4.5,28352
-63.61667256871292,192.168.4.2,28352
-63.628604676393785,192.168.4.2,28368
-68.87677019271841,192.168.4.5,28368
-68.8806059335941,192.168.4.5,28400
-63.64016534233086,192.168.4.2,28400
-63.651366131391406,192.168.4.2,28416
-68.8843222803991,192.168.4.5,28416
-63.662218248185546,192.168.4.2,28432
-63.67273254830531,192.168.4.2,28464
-68.88792294948061,192.168.4.5,28464
-68.89141154150808,192.168.4.5,28480
-63.65179210022917,192.168.4.2,28480
-63.631503503634,192.168.4.2,28496
-68.92591827449512,192.168.4.5,28496
-63.6118464645489,192.168.4.2,28512
-63.59280132104692,192.168.4.2,28528
-68.92822419631898,192.168.4.5,28528
-63.57434902353905,192.168.4.2,28544
-68.89933161294208,192.168.4.5,28544
-63.58759836953501,192.168.4.2,28560
-63.56930806481755,192.168.4.2,28576
-68.87133836120015,192.168.4.5,28576
-68.90646990658388,192.168.4.5,28592
-63.55158710365314,192.168.4.2,28592
-68.90938119248882,192.168.4.5,28608
-63.53441776186875,192.168.4.2,28608
-68.94332858893638,192.168.4.5,28624
-63.54891000378677,192.168.4.2,28624
-68.94509258461004,192.168.4.5,28640
-63.56295113244905,192.168.4.2,28640
-69.00905513153555,192.168.4.5,28656
-63.57655519108935,192.168.4.2,28656
-63.58973578568088,192.168.4.2,28672
-69.07102673355924,192.168.4.5,28672
-63.57137905302901,192.168.4.2,28688
-69.06881590364937,192.168.4.5,28688
-63.55359372230704,192.168.4.2,28704
-69.06667388964416,192.168.4.5,28720
-63.50523499816752,192.168.4.2,28720
-63.4583815621322,192.168.4.2,28736
-63.47524050561386,192.168.4.2,28768
-69.033471820225,192.168.4.5,28768
-63.46044771351244,192.168.4.2,28784
-69.0013032226395,192.168.4.5,28784
-69.0012626575812,192.168.4.5,28800
-63.44611538256211,192.168.4.2,28800
-69.00122335518049,192.168.4.5,28816
-63.43222917921577,192.168.4.2,28816
-63.41877521616397,192.168.4.2,28832
-69.03231200541651,192.168.4.5,28832
-69.03130623837153,192.168.4.5,28848
-63.436866946676645,192.168.4.2,28848
-63.42326863410823,192.168.4.2,28864
-69.06145850683728,192.168.4.5,28864
-69.05954550453376,192.168.4.5,28880
-63.41009359917771,192.168.4.2,28880
-69.02656531847155,192.168.4.5,28896
-68.99461169773588,192.168.4.5,28912
-63.366201788737,192.168.4.2,28912
-63.323676205694,192.168.4.2,28944
-68.96365268870525,192.168.4.5,28944
-63.28247432214795,192.168.4.2,28960
-68.96478406162299,192.168.4.5,28960
-63.30480863751677,192.168.4.2,28976
-68.93475348935227,192.168.4.5,28976
-68.93678439982351,192.168.4.5,28992
-63.29532090654684,192.168.4.2,28992
-68.87649863620592,192.168.4.5,29008
-63.25500166363216,192.168.4.2,29008
-63.21593743952823,192.168.4.2,29024
-68.84921610047616,192.168.4.5,29024
-68.82278278085114,192.168.4.5,29040
-63.17808916845904,192.168.4.2,29040
-63.20367263773106,192.168.4.2,29056
-68.79717224401088,192.168.4.5,29056
-68.83461233788749,192.168.4.5,29072
-63.22845977064087,192.168.4.2,29072
-68.83976031486449,192.168.4.5,29088
-63.25247535513591,192.168.4.2,29088
-68.87587478138647,192.168.4.5,29104
-63.27574340754148,192.168.4.2,29104
-68.84861166422778,192.168.4.5,29120
-63.360540793657,192.168.4.2,29120
-68.85332388796353,192.168.4.5,29136
-63.41157190311552,192.168.4.2,29136
-68.85788943558677,192.168.4.5,29152
-63.42988778109311,192.168.4.2,29152
-68.86231287264516,192.168.4.5,29168
-63.44763354244308,192.168.4.2,29168
-68.86659862257581,192.168.4.5,29184
-63.52708049940491,192.168.4.2,29184
-63.51067418079462,192.168.4.2,29200
-68.90187770035027,192.168.4.5,29200
-63.52590531627463,192.168.4.2,29216
-68.93605865582232,192.168.4.5,29216
-69.00030239916691,192.168.4.5,29232
-63.54066235422415,192.168.4.2,29232
-63.52383328093251,192.168.4.2,29248
-69.00029298646993,192.168.4.5,29248
-69.00028386675942,192.168.4.5,29264
-63.50752804369351,192.168.4.2,29264
-69.00027503091566,192.168.4.5,29280
-63.49173033701907,192.168.4.2,29280
-63.507551126756105,192.168.4.2,29296
-69.03139319931815,192.168.4.5,29296
-63.52287946546454,192.168.4.2,29312
-68.96816257327481,192.168.4.5,29312
-68.96915356823534,192.168.4.5,29328
-63.50660392200499,192.168.4.2,29328
-68.97011371676406,192.168.4.5,29344
-63.52196174222704,192.168.4.2,29344
-68.93991724979722,192.168.4.5,29360
-63.50571476640787,192.168.4.2,29360
-68.91066070008144,192.168.4.5,29376
-63.521100261481,192.168.4.2,29376
-63.5048801024253,192.168.4.2,29392
-68.88231481106688,192.168.4.5,29392
-63.55141832780892,192.168.4.2,29424
-68.88597796607488,192.168.4.5,29424
-63.53425446734551,192.168.4.2,29440
-68.88952709904883,192.168.4.5,29440
-63.61100510907988,192.168.4.2,29456
-68.89296575912172,192.168.4.5,29456
-68.89629738495363,192.168.4.5,29472
-63.65424000243123,192.168.4.2,29472
-63.66500238620746,192.168.4.2,29488
-68.86839857896187,192.168.4.5,29488
-68.87249490075793,192.168.4.5,29504
-63.67542977163864,192.168.4.2,29504
-63.65440584177735,192.168.4.2,29520
-68.90759044666234,192.168.4.5,29520
-63.66516306248427,192.168.4.2,29536
-68.87934012459792,192.168.4.5,29536
-68.91422260107271,192.168.4.5,29552
-63.67558544564908,192.168.4.2,29552
-63.68568341370966,192.168.4.2,29568
-68.94801930014785,192.168.4.5,29568
-68.9496372893161,192.168.4.5,29584
-63.66434032368157,192.168.4.2,29584
-63.67478831524849,192.168.4.2,29600
-68.95120491577364,192.168.4.5,29600
-68.95272374714693,192.168.4.5,29616
-63.6849110946747,192.168.4.2,29616
-68.95419530226735,192.168.4.5,29632
-63.663592045817936,192.168.4.2,29632
-68.92449432348467,192.168.4.5,29648
-63.67406332819158,192.168.4.2,29648
-63.68420867351541,192.168.4.2,29664
-68.926844568231,192.168.4.5,29664
-68.89799492834064,192.168.4.5,29696
-63.6629114898929,192.168.4.2,29696
-63.67340395521898,192.168.4.2,29712
-68.87004328337898,192.168.4.5,29712
-68.87408841090554,192.168.4.5,29728
-63.68356982418696,192.168.4.2,29728
-68.90913435604733,192.168.4.5,29744
-63.662292526813495,192.168.4.2,29744
-68.88083597713641,192.168.4.5,29776
-63.64167752252671,192.168.4.2,29776
-68.915671892611,192.168.4.5,29808
-63.68395766644592,192.168.4.2,29808
-68.94942347997788,192.168.4.5,29840
-63.69379503232479,192.168.4.2,29840
-68.95099776162068,192.168.4.5,29856
-63.70332619302186,192.168.4.2,29856
-68.92139631182144,192.168.4.5,29872
-63.712560679717214,192.168.4.2,29872
-68.86158952913071,192.168.4.5,29888
-63.690380993143485,192.168.4.2,29888
-63.793398621928695,192.168.4.2,29904
-63.862082914366034,192.168.4.2,29920
-68.83477106517296,192.168.4.5,29920
-63.80412235670036,192.168.4.2,29936
-68.83991410148387,192.168.4.5,29936
-68.87602378109946,192.168.4.5,29952
-63.84134612050536,192.168.4.2,29952
-68.94213621369907,192.168.4.5,29968
-63.81515776484489,192.168.4.2,29968
-69.00619078251202,192.168.4.5,29984
-63.82091129962159,192.168.4.2,29984
-69.06825154210715,192.168.4.5,30000
-63.85761247776405,192.168.4.2,30000
-63.830917804045605,192.168.4.2,30016
-63.805054048420985,192.168.4.2,30032
-63.81112207873809,192.168.4.2,30048
-63.817001231075885,192.168.4.2,30064
-63.82269738459197,192.168.4.2,30096
-63.765962773024334,192.168.4.2,30112
-63.80437431793983,192.168.4.2,30128
-63.81046350591644,192.168.4.2,30160
-63.84748988821956,192.168.4.2,30176
-63.82111029864608,192.168.4.2,30192
-63.82667855019898,192.168.4.2,30208
-63.832073480269976,192.168.4.2,30224
-63.86842721428377,192.168.4.2,30240
-63.903649375327085,192.168.4.2,30288
-63.87552172490075,192.168.4.2,30304
-63.87939632659409,192.168.4.2,30320
-63.91427705480115,192.168.4.2,30336
-63.91694532978333,192.168.4.2,30352
-63.91953055008541,192.168.4.2,30368
-63.95316203095889,192.168.4.2,30400
-63.95461994377403,192.168.4.2,30416
-63.95603247652846,192.168.4.2,30432
-63.95740104175537,192.168.4.2,30448
-63.95872700802033,192.168.4.2,30464
-63.96001170128996,192.168.4.2,30480
-63.96125640625782,192.168.4.2,30496
-63.96246236762915,192.168.4.2,30528
-63.96363079136559,192.168.4.2,30544
-63.93363611622039,192.168.4.2,30560
-63.93570180688879,192.168.4.2,30576
-63.93770319936049,192.168.4.2,30592
-63.97076902461795,192.168.4.2,30608
-63.971678889283616,192.168.4.2,30624
-63.972560432837255,192.168.4.2,30640
-63.942287807299934,192.168.4.2,30672
-63.91295746960818,192.168.4.2,30704
-63.91566681890533,192.168.4.2,30720
-63.918291835018366,192.168.4.2,30736
-63.95196187241457,192.168.4.2,30768
-63.95345714221452,192.168.4.2,30784
-63.98603259857659,192.168.4.2,30800
-63.95534062869339,192.168.4.2,30816
-63.95673072885901,192.168.4.2,30832
-63.95807755975243,192.168.4.2,30848
-63.959382468204645,192.168.4.2,30864
-63.96064675912418,192.168.4.2,30880
-63.96187169680204,192.168.4.2,30896
-63.93193177683322,192.168.4.2,30928
-63.93405051799199,192.168.4.2,30944
-63.93610330966765,192.168.4.2,30992
-64.00034566328873,192.168.4.2,31008
-64.06258836254358,192.168.4.2,31024
-64.02951346222055,192.168.4.2,31056
-64.02859480467136,192.168.4.2,31088
-63.99657801263487,192.168.4.2,31104
-63.99668452790921,192.168.4.2,31120
-63.96566099842987,192.168.4.2,31136
-63.93560312995872,192.168.4.2,31152
-63.90648086462639,192.168.4.2,31168
-63.90939180943452,192.168.4.2,31200
-63.88108541678761,192.168.4.2,31216
-63.91591356808424,192.168.4.2,31232
-63.980784362197305,192.168.4.2,31248
-63.91912902364661,192.168.4.2,31280
-63.92164627263173,192.168.4.2,31296
-63.92408516788901,192.168.4.2,31312
-63.8953214190696,192.168.4.2,31328
-63.80519953319098,192.168.4.2,31344
-63.811263034577,192.168.4.2,31392
-63.78601106975988,192.168.4.2,31408
-63.73041838678135,192.168.4.2,31424
-63.73880958066211,192.168.4.2,31440
-63.71581285489175,192.168.4.2,31456
-63.69353194197892,192.168.4.2,31472
-63.640817831783146,192.168.4.2,31488
-63.620871268650205,192.168.4.2,31504
-63.60154557678781,192.168.4.2,31520
-63.58282143050391,192.168.4.2,31536
-63.53355337643048,192.168.4.2,31552
-63.485818875737344,192.168.4.2,31568
-63.47069692314268,192.168.4.2,31584
-63.48717239669036,192.168.4.2,31600
-63.4720083134165,192.168.4.2,31616
-63.45731623845699,192.168.4.2,31632
-63.90998241796659,192.168.4.2,31648
-63.85053091243811,192.168.4.2,31664
-63.82405666703876,192.168.4.2,31680
-63.7984064783077,192.168.4.2,31696
-63.74242796684379,192.168.4.2,31712
-63.7193186125607,192.168.4.2,31744
-63.66580184768004,192.168.4.2,31760
-63.676204343069934,192.168.4.2,31776
-63.62402958438269,192.168.4.2,31792
-63.635732313700366,192.168.4.2,31808
-63.61594404612244,192.168.4.2,31824
-69.09725382404119,192.168.4.5,31824
-63.59677172259119,192.168.4.2,31840
-69.09422663059632,192.168.4.5,31840
-69.09129366378207,192.168.4.5,31856
-63.57819617078304,192.168.4.2,31856
-63.560198815146144,192.168.4.2,31872
-69.0884519906316,192.168.4.5,31872
-69.08569876947178,192.168.4.5,31888
-63.542761658324814,192.168.4.2,31888
-63.5258672631622,192.168.4.2,31904
-69.08303124708144,192.168.4.5,31904
-63.50949873526309,192.168.4.2,31920
-69.04932002673566,192.168.4.5,31920
-63.49363970609957,192.168.4.2,31936
-69.01665812641671,192.168.4.5,31936
-63.478274316642434,192.168.4.2,31952
-69.07839307183158,192.168.4.5,31952
-63.46338720150221,192.168.4.2,31968
-69.07595295191334,192.168.4.5,31968
-63.41783674435815,192.168.4.2,31984
-69.10471551414936,192.168.4.5,31984
-63.43595758236981,192.168.4.2,32016
-69.07032933349484,192.168.4.5,32016
-69.06814021137617,192.168.4.5,32032
-63.42238764875847,192.168.4.2,32032
-69.09714595867113,192.168.4.5,32048
-63.40924010279606,192.168.4.2,32048
-69.0941221227225,192.168.4.5,32064
-63.42762852614133,192.168.4.2,32064
-69.06006567969439,192.168.4.5,32080
-63.414317848808,192.168.4.2,32080
-69.02706930234605,192.168.4.5,32096
-63.40142148932362,192.168.4.2,32096
-63.4200532805329,192.168.4.2,32112
-69.05735345270436,192.168.4.5,32112
-69.05556822731323,192.168.4.5,32128
-63.40697839581848,192.168.4.2,32128
-69.05383857014941,192.168.4.5,32144
-63.39431048949999,192.168.4.2,32144
-69.05216275155574,192.168.4.5,32160
-63.38203689367112,192.168.4.2,32160
-69.05053909571363,192.168.4.5,32192
-63.370145334736016,192.168.4.2,32192
-63.35862392113574,192.168.4.2,32208
-69.01783924976522,192.168.4.5,32208
-69.01728397226861,192.168.4.5,32224
-63.34746113145668,192.168.4.2,32224
-63.336645802909146,192.168.4.2,32240
-68.98561924954228,192.168.4.5,32240
-63.29504039096137,192.168.4.2,32256
-68.9860668752675,192.168.4.5,32256
-63.31698347781106,192.168.4.2,32288
-68.98650056786798,192.168.4.5,32288
-68.95579403183439,192.168.4.5,32304
-63.275990089732346,192.168.4.2,32304
-68.98829674823652,192.168.4.5,32320
-63.23627269174358,192.168.4.2,32320
-68.98866103218495,192.168.4.5,32336
-63.22891829564964,192.168.4.2,32336
-63.19066608864856,192.168.4.2,32352
-63.184731276939054,192.168.4.2,32384
-63.2101079257092,192.168.4.2,32400
-63.20356795320232,192.168.4.2,32416
-63.16610481944609,192.168.4.2,32432
-63.12980779050943,192.168.4.2,32448
-63.12576729856588,192.168.4.2,32464
-63.1218525739209,192.168.4.2,32480
-63.08693297264746,192.168.4.2,32496
-63.05310030434676,192.168.4.2,32544
-63.02032073635048,192.168.4.2,32560
-62.98856148909064,192.168.4.2,32608
-62.98891753252219,192.168.4.2,32624
-62.98926249348626,192.168.4.2,32672
-62.989596716943815,192.168.4.2,32688
-62.95879380791616,192.168.4.2,32704
-62.960076421898606,192.168.4.2,32736
-62.96131911230295,192.168.4.2,32752
-62.96252312181959,192.168.4.2,32768
-62.93256292525599,192.168.4.2,32784
-62.965788750021765,192.168.4.2,32800
-62.93572690513348,192.168.4.2,32816
-62.93772751635236,192.168.4.2,32832
-62.9396658550876,192.168.4.2,32848
-62.94154385967792,192.168.4.2,32864
-62.91223667892596,192.168.4.2,32912
-62.914968464054894,192.168.4.2,32944
-62.917615217647885,192.168.4.2,32960
-62.98243304486236,192.168.4.2,32976
-63.045233305121656,192.168.4.2,32992
-63.04382534028223,192.168.4.2,33008
-63.07358792998497,192.168.4.2,33024
-63.0712973784158,192.168.4.2,33040
-63.06907812422505,192.168.4.2,33056
-63.06692794815852,192.168.4.2,33072
-63.06484470004016,192.168.4.2,33104
-63.09395302582368,192.168.4.2,33120
-63.1844087630367,192.168.4.2,33136
-63.27204890901272,192.168.4.2,33168
-63.35696110389771,192.168.4.2,33184
-63.3458500722811,192.168.4.2,33200
-63.303958161534965,192.168.4.2,33216
-63.294496938152186,192.168.4.2,33232
-63.28533021170756,192.168.4.2,33248
-63.24532208627284,192.168.4.2,33264
-63.20655928292441,192.168.4.2,33280
-63.20012976806071,192.168.4.2,33328
-63.16277365376327,192.168.4.2,33344
-63.095453583917816,192.168.4.2,33360
-63.09248242605987,192.168.4.2,33376
-63.08960375062798,192.168.4.2,33408
-63.055687949744936,192.168.4.2,33424
-63.02282783681164,192.168.4.2,33440
-62.99099055171517,192.168.4.2,33488
-62.96014425717042,192.168.4.2,33520
-62.93025810688284,192.168.4.2,33536
-62.96355567310568,192.168.4.2,33568
-62.96469006579986,192.168.4.2,33584
-62.96578914855984,192.168.4.2,33600
-62.96685402046838,192.168.4.2,33616
-62.90563228799387,192.168.4.2,33632
-62.90856964621087,192.168.4.2,33664
-62.880288844872325,192.168.4.2,33680
-62.88401506158041,192.168.4.2,33696
-62.856498564148325,192.168.4.2,33712
-69.02014070636747,192.168.4.5,33712
-62.86096529448214,192.168.4.2,33728
-68.95726033365064,192.168.4.5,33728
-68.95859067967127,192.168.4.5,33744
-62.83416626090869,192.168.4.2,33744
-62.80820139359614,192.168.4.2,33760
-68.92875288716971,192.168.4.5,33760
-62.7830447276772,192.168.4.2,33792
-68.86871711835344,192.168.4.5,33792
-68.84167679585744,192.168.4.5,33808
-62.72754437728418,192.168.4.2,33808
-62.704898300470205,192.168.4.2,33824
-68.8154781501573,192.168.4.5,33824
-68.79009498260733,192.168.4.5,33840
-62.65183039275495,192.168.4.2,33840
-68.76550191003997,192.168.4.5,33856
-62.600414315432445,192.168.4.2,33856
-68.74167433938267,192.168.4.5,33872
-62.61285211082888,192.168.4.2,33872
-68.74971517226659,192.168.4.5,33888
-62.59377602913439,192.168.4.2,33888
-68.72637899112095,192.168.4.5,33904
-62.60642045267078,192.168.4.2,33904
-62.587544567458096,192.168.4.2,33920
-68.73489591816826,192.168.4.5,33920
-62.56925622681287,192.168.4.2,33936
-68.74314774113374,192.168.4.5,33936
-62.5826638715962,192.168.4.2,33952
-68.72001598263853,192.168.4.5,33952
-68.66647751092417,192.168.4.5,33968
-62.59565418025113,192.168.4.2,33968
-68.67685897512435,192.168.4.5,33984
-62.57711341388457,192.168.4.2,33984
-62.55914976093189,192.168.4.2,34000
-68.62466383989604,192.168.4.5,34016
-62.54174525774014,192.168.4.2,34016
-62.52488249980613,192.168.4.2,34032
-68.60522009770945,192.168.4.5,34032
-68.58638157562056,192.168.4.5,34048
-62.508544624371936,192.168.4.2,34048
-68.5992561643091,192.168.4.5,34064
-62.46158856436037,192.168.4.2,34064
-68.58060327996014,192.168.4.5,34080
-62.4472208221149,192.168.4.2,34080
-62.40217357148981,192.168.4.2,34096
-68.56253099889116,192.168.4.5,34096
-68.5138945196193,192.168.4.5,34112
-62.35852849443621,192.168.4.2,34112
-68.46677193486705,192.168.4.5,34128
-62.34736867507878,192.168.4.2,34128
-62.33655622439644,192.168.4.2,34176
-68.42111612204968,192.168.4.5,34176
-62.32608032993849,192.168.4.2,34192
-68.40800815455614,192.168.4.5,34192
-68.39530819521715,192.168.4.5,34208
-62.315930515810486,192.168.4.2,34208
-68.35187681487163,192.168.4.5,34224
-62.27496990299655,192.168.4.2,34224
-68.34092404054275,192.168.4.5,34240
-62.235284260085606,192.168.4.2,34240
-62.19683390143475,192.168.4.2,34256
-62.15958037668533,192.168.4.2,34272
-62.154613161514334,192.168.4.2,34288
-62.11867383030312,192.168.4.2,34304
-62.0838531729222,192.168.4.2,34320
-62.08124309791594,192.168.4.2,34336
-62.04758753680586,192.168.4.2,34352
-62.04610629243433,192.168.4.2,34368
-62.04467115435523,192.168.4.2,34384
-62.04328068743048,192.168.4.2,34416
-62.01080677199143,192.168.4.2,34448
-62.01047039252611,192.168.4.2,34464
-62.041271212655055,192.168.4.2,34480
-62.03998657479492,192.168.4.2,34496
-62.00761519430783,192.168.4.2,34512
-62.0073781582168,192.168.4.2,34528
-62.007148500283975,192.168.4.2,34544
-62.03805272005317,192.168.4.2,34560
-62.036868263340686,192.168.4.2,34576
-62.06684740409328,192.168.4.2,34592
-62.06476666304823,192.168.4.2,34608
-62.06275068866623,192.168.4.2,34624
-62.09192419417463,192.168.4.2,34672
-62.12018962387721,192.168.4.2,34688
-62.14757524320366,192.168.4.2,34704
-62.17410843777332,192.168.4.2,34720
-62.16868901157901,192.168.4.2,34800
-62.163438274396285,192.168.4.2,34816
-62.15835097548795,192.168.4.2,34832
-62.1534220275551,192.168.4.2,34848
-62.21089996005329,192.168.4.2,34896
-62.23546206330979,192.168.4.2,34944
-62.29038635783134,192.168.4.2,34960
-62.37472776791245,192.168.4.2,34992
-62.45644390576148,192.168.4.2,35008
-62.41110957070932,192.168.4.2,35024
-62.39831307442961,192.168.4.2,35040
-62.38591489122432,192.168.4.2,35056
-62.373902622910265,192.168.4.2,35072
-62.39339098642085,192.168.4.2,35088
-62.41227274091786,192.168.4.2,35104
-62.36831330975232,192.168.4.2,35136
-62.41910237950174,192.168.4.2,35152
-62.34380363482371,192.168.4.2,35168
-62.30197542298224,192.168.4.2,35184
-62.32370264496723,192.168.4.2,35200
-62.37588029879892,192.168.4.2,35216
-62.39530710372768,192.168.4.2,35232
-62.38300248655842,192.168.4.2,35264
-62.33995414267398,192.168.4.2,35280
-62.29824575293223,192.168.4.2,35296
-62.2578356089434,192.168.4.2,35312
-62.187556571361775,192.168.4.2,35328
-62.18171854875499,192.168.4.2,35344
-62.176062244696965,192.168.4.2,35360
-61.0,192.168.4.6,35360
-62.10832854448016,192.168.4.2,35376
-60.499750124937535,192.168.4.6,35376
-60.33288936987704,192.168.4.6,35408
-62.07382990200957,192.168.4.2,35408
-60.24937618540986,192.168.4.6,35424
-62.04040508944099,192.168.4.2,35424
-59.99800498703392,192.168.4.6,35440
-61.94576722355838,192.168.4.2,35440
-61.94745531250453,192.168.4.2,35456
-59.83015070135328,192.168.4.6,35456
-61.94909085676319,192.168.4.2,35472
-59.854729065556725,192.168.4.6,35472
-59.873204101858846,192.168.4.6,35488
-61.888422033475145,192.168.4.2,35488
-60.00122366898906,192.168.4.6,35504
-61.89189509062405,192.168.4.2,35504
-68.29918546105264,192.168.4.5,35504
-61.86413331366183,192.168.4.2,35520
-68.28987279622535,192.168.4.5,35520
-60.0010978412306,192.168.4.6,35520
-68.21859654579077,192.168.4.5,35536
-61.868362399215016,192.168.4.2,35536
-59.90693260303857,192.168.4.6,35536
-68.18066562110374,192.168.4.5,35552
-61.87245984716742,192.168.4.2,35552
-59.82820207927403,192.168.4.6,35552
-59.922791414206415,192.168.4.6,35568
-61.81417629656352,192.168.4.2,35568
-68.14391536203782,192.168.4.5,35568
-59.85307667313615,192.168.4.6,35584
-61.81996038065965,192.168.4.2,35584
-68.07718228913218,192.168.4.5,35648
-61.794437695934704,192.168.4.2,35648
-59.86352362186725,192.168.4.6,35648
-68.07477985691919,192.168.4.5,35664
-59.939957721948055,192.168.4.6,35664
-61.80083617810743,192.168.4.2,35664
-60.00768829057914,192.168.4.6,35680
-68.10357893376488,192.168.4.5,35680
-61.77590876725653,192.168.4.2,35680
-68.10035486034258,192.168.4.5,35712
-60.06815935708587,192.168.4.6,35712
-61.75175726517288,192.168.4.2,35712
-61.75948424955614,192.168.4.2,35728
-68.09723114178061,192.168.4.5,35728
-60.12251068361138,192.168.4.6,35728
-61.798097447390695,192.168.4.2,35744
-68.09420465436042,192.168.4.5,35744
-60.1716538489073,192.168.4.6,35744
-61.80438201347091,192.168.4.2,35760
-68.06014564239285,192.168.4.5,35760
-60.16239654908571,192.168.4.6,35760
-60.20601043190887,192.168.4.6,35808
-61.87272441996806,192.168.4.2,35808
-68.08940023447117,192.168.4.5,35808
-68.08661749758221,192.168.4.5,35840
-61.84555936327997,192.168.4.2,35840
-60.29641920272309,192.168.4.6,35840
-68.08392137819084,192.168.4.5,35856
-61.943746782762105,192.168.4.2,35856
-60.37969536161318,192.168.4.6,35856
-68.1124359093794,192.168.4.5,35888
-61.976624490623536,192.168.4.2,35888
-60.3616549250031,192.168.4.6,35888
-61.97735209377385,192.168.4.2,35904
-68.07780941807385,192.168.4.5,35904
-60.39119007426103,192.168.4.6,35904
-60.41866862711937,192.168.4.6,35920
-68.07538746538812,192.168.4.5,35920
-61.94693031981621,192.168.4.2,35920
-60.40020521421415,192.168.4.6,35936
-68.10416762936953,192.168.4.5,35936
-61.948582205380106,192.168.4.2,35936
-60.38293474170653,192.168.4.6,35952
-68.1320519609803,192.168.4.5,35952
-61.91905594394765,192.168.4.2,35952
-60.45131542502877,192.168.4.6,35968
-61.92157546766089,192.168.4.2,35968
-68.12794161535031,192.168.4.5,35968
-61.89288983764004,192.168.4.2,35984
-60.47408083732954,192.168.4.6,35984
-68.09283248213393,192.168.4.5,35984
-60.45475777398615,192.168.4.6,36048
-68.08994291060142,192.168.4.5,36048
-61.86509709745684,192.168.4.2,36048
-60.39644367520501,192.168.4.6,36064
-68.05601655277778,192.168.4.5,36064
-61.86929618357283,192.168.4.2,36064
-60.38079853257253,192.168.4.6,36080
-68.02314621150691,192.168.4.5,36080
-61.87336456587239,192.168.4.2,36080
-61.87730631273783,192.168.4.2,36112
-60.44376941302052,192.168.4.6,36112
-68.05355247485103,192.168.4.5,36112
-61.881125365916,192.168.4.2,36160
-68.05188556146825,192.168.4.5,36160
-60.4651063648486,192.168.4.6,36160
-61.884825544460085,192.168.4.2,36176
-68.0813972628487,192.168.4.5,36176
-60.485362449353296,192.168.4.6,36176
-60.46720257982832,192.168.4.6,36192
-68.07886363229024,192.168.4.5,36192
-61.82615709014516,192.168.4.2,36192
-60.44991891372037,192.168.4.6,36208
-68.04528213616233,192.168.4.5,36208
-61.800441522122114,192.168.4.2,36208
-60.47005366512807,192.168.4.6,36224
-61.77552639562119,192.168.4.2,36224
-68.04387265137233,192.168.4.5,36224
-61.78251352471763,192.168.4.2,36256
-68.0425070392337,192.168.4.5,36256
-60.489259176191474,192.168.4.6,36256
-68.04118393413431,192.168.4.5,36272
-60.47169309748153,192.168.4.6,36272
-61.78928316733878,192.168.4.2,36272
-68.07102874217078,192.168.4.5,36320
-60.41931549857124,192.168.4.6,36320
-61.79584209312728,192.168.4.2,36320
-68.09994457894943,192.168.4.5,36336
-60.43981276531208,192.168.4.6,36336
-61.802196861008895,192.168.4.2,36336
-60.424407430562745,192.168.4.6,36352
-68.12796036030703,192.168.4.5,36352
-61.80835382575152,192.168.4.2,36352
-61.783192415118165,192.168.4.2,36368
-60.44442321195122,192.168.4.6,36368
-68.12397737282319,192.168.4.5,36368
-61.75881419689993,192.168.4.2,36384
-68.12011836271218,192.168.4.5,36384
-60.46361207057746,192.168.4.6,36384
-61.73519479287859,192.168.4.2,36400
-60.48202035519756,192.168.4.6,36400
-68.11637947096388,192.168.4.5,36400
-61.74343731285187,192.168.4.2,36416
-68.11275695868655,192.168.4.5,36416
-60.46557666404924,192.168.4.6,36416
-61.72029654093626,192.168.4.2,36432
-60.48370586840364,192.168.4.6,36432
-68.14037393256963,192.168.4.5,36432
-61.00729502497976,192.168.4.6,36448
-62.10252354518417,192.168.4.2,36448
-68.13600455118355,192.168.4.5,36448
-62.161585780959896,192.168.4.2,36480
-61.07420573051397,192.168.4.6,36480
-68.10064444514691,192.168.4.5,36480
-62.125429414911366,192.168.4.2,36496
-61.03830345201118,192.168.4.6,36496
-68.09751171275717,192.168.4.5,36496
-61.03702883928738,192.168.4.6,36528
-68.09447649208018,192.168.4.5,36528
-62.121525207479486,192.168.4.2,36528
-62.11774252525509,192.168.4.2,36544
-61.03580167576138,192.168.4.6,36544
-68.06040901869353,192.168.4.5,36544
-62.08295085635421,192.168.4.2,36560
-68.05852868352731,192.168.4.5,36560
-61.13366065242057,192.168.4.6,36560
-66.0,192.168.4.10,36560
-64.99950024987507,192.168.4.10,36624
-68.08783360624636,192.168.4.5,36624
-61.16215868535711,192.168.4.6,36624
-62.04924213830968,192.168.4.2,36624
-68.20960655017687,192.168.4.5,36640
-61.22240969846057,192.168.4.6,36640
-62.0477093916052,192.168.4.2,36640
-65.33355548150617,192.168.4.10,36640
-61.28050054161079,192.168.4.6,36672
-62.07735108349407,192.168.4.2,36672
-68.29646237145582,192.168.4.5,36672
-65.75162256646209,192.168.4.10,36672
-68.34948792590448,192.168.4.5,36704
-61.30394341116909,192.168.4.6,36704
-62.07494339726468,192.168.4.2,36704
-65.60039808542558,192.168.4.10,36704
-65.49941723556765,192.168.4.10,36720
-61.32655903501319,192.168.4.6,36720
-62.072610654432566,192.168.4.2,36720
-68.43198969748079,192.168.4.5,36720
-61.3483824059304,192.168.4.6,36736
-65.28244122682142,192.168.4.10,36736
-62.03922379305315,192.168.4.2,36736
-68.4496700003511,192.168.4.5,36736
-62.03800288466852,192.168.4.2,36784
-68.43567324402004,192.168.4.5,36784
-61.369446528212805,192.168.4.6,36784
-65.24652136481504,192.168.4.10,36784
-61.38978257052827,192.168.4.6,36800
-68.39098543173125,192.168.4.5,36800
-65.44574074094054,192.168.4.10,36800
-62.09907343757203,192.168.4.2,36800
-62.06486287630791,192.168.4.2,36816
-61.40942000431247,192.168.4.6,36816
-65.39990599413265,192.168.4.10,36816
-68.40994206327767,192.168.4.5,36816
-65.45635202035787,192.168.4.10,36832
-62.062843907121824,192.168.4.2,36832
-61.42838672924741,192.168.4.6,36832
-68.39718190768562,192.168.4.5,36832
-65.41673625016347,192.168.4.10,36848
-62.02976105264113,192.168.4.2,36848
-61.41465524637685,192.168.4.6,36848
-68.35369220479953,192.168.4.5,36848
-65.54453974125245,192.168.4.10,36864
-62.02883468841481,192.168.4.2,36864
-61.43338413369364,192.168.4.6,36864
-68.3738096525217,192.168.4.5,36864
-65.578948702495,192.168.4.10,36880
-61.45148317893327,192.168.4.6,36880
-62.02793715887691,192.168.4.2,36880
-68.36217418069467,192.168.4.5,36880
-65.60888745634772,192.168.4.10,36896
-61.43708458335439,192.168.4.6,36896
-61.99594083729615,192.168.4.2,36896
-68.35090088304833,192.168.4.5,36896
-61.45501025803727,192.168.4.6,36912
-68.37110521548676,192.168.4.5,36912
-61.99606718575441,192.168.4.2,36912
-65.635191861683,192.168.4.10,36912
-61.50414077952615,192.168.4.6,36928
-68.39068065314069,192.168.4.5,36928
-62.02731633060017,192.168.4.2,36928
-65.65850099110268,192.168.4.10,36928
-65.61837221216189,192.168.4.10,36944
-68.37852004224602,192.168.4.5,36944
-61.55164662736935,192.168.4.6,36944
-62.0264660625748,192.168.4.2,36944
-68.33561122219186,192.168.4.5,36960
-61.59758719485037,192.168.4.6,36960
-65.58230451080857,192.168.4.10,36960
-62.05676898981373,192.168.4.2,36960
-62.08612868604248,192.168.4.2,36976
-65.60569724971185,192.168.4.10,36976
-61.64201920009411,192.168.4.6,36976
-68.35629147176337,192.168.4.5,36976
-68.34520128360491,192.168.4.5,36992
-62.08344778175553,192.168.4.2,36992
-61.68499684830792,192.168.4.6,36992
-65.6269620148373,192.168.4.10,36992
-68.33445629673004,192.168.4.5,37008
-65.59431619918333,192.168.4.10,37008
-61.6949559863338,192.168.4.6,37008
-62.0497235960486,192.168.4.2,37008
-61.6414194577316,192.168.4.6,37024
-68.35517249535364,192.168.4.5,37024
-62.04817586313946,192.168.4.2,37024
-65.5643654135161,192.168.4.10,37024
-65.53677753278677,192.168.4.10,37056
-68.3752438664726,192.168.4.5,37056
-62.04667630609346,192.168.4.2,37056
-61.55806294850307,192.168.4.6,37056
-61.5089358192997,192.168.4.6,37072
-62.01409669615182,192.168.4.2,37072
-68.3635637522563,192.168.4.5,37072
-65.5587865863623,192.168.4.10,37072
-61.98253118290632,192.168.4.2,37088
-68.38337393099398,192.168.4.5,37088
-61.42988932912247,192.168.4.6,37088
-65.57920078635664,192.168.4.10,37088
-61.98307493004547,192.168.4.2,37104
-61.353390070643655,192.168.4.6,37104
-68.40256748366266,192.168.4.5,37104
-65.59819350139954,192.168.4.10,37104
-65.70411389339836,192.168.4.10,37120
-61.3422721769514,192.168.4.6,37120
-61.983601752114666,192.168.4.2,37120
-68.421163603815,192.168.4.5,37120
-62.015238905137714,192.168.4.2,37136
-68.3769274291677,192.168.4.5,37136
-61.3943913340783,192.168.4.6,37136
-65.80319065820899,192.168.4.10,37136
-61.413420056231246,192.168.4.6,37152
-62.01476456786416,192.168.4.2,37152
-68.36519491115128,192.168.4.5,37152
-65.9383738279181,192.168.4.10,37152
-62.04543172436021,192.168.4.2,37168
-65.94093075275244,192.168.4.10,37168
-68.32270085884429,192.168.4.5,37168
-61.43184026201957,192.168.4.6,37168
-61.512443847745125,192.168.4.6,37184
-68.28152950739613,192.168.4.5,37184
-62.04401758337889,192.168.4.2,37184
-65.98409736177395,192.168.4.10,37184
-62.04264745998094,192.168.4.2,37200
-61.52773838803469,192.168.4.6,37200
-66.02481991219223,192.168.4.10,37200
-68.30389314385884,192.168.4.5,37200
-62.04131998404297,192.168.4.2,37216
-66.06330414720549,192.168.4.10,37216
-68.32556067346542,192.168.4.5,37216
-61.47983637653395,192.168.4.6,37216
-62.07116055729078,192.168.4.2,37232
-66.09973232723682,192.168.4.10,37232
-68.34655376374546,192.168.4.5,37232
-61.46479790884665,192.168.4.6,37232
-62.03781883269241,192.168.4.2,37248
-66.09590660475452,192.168.4.10,37248
-61.4189092148827,192.168.4.6,37248
-68.33576667858752,192.168.4.5,37248
-66.13014405124991,192.168.4.10,37280
-68.3564420893099,192.168.4.5,37280
-62.06776838533021,192.168.4.2,37280
-61.437106253722405,192.168.4.6,37280
-61.45472692296003,192.168.4.6,37296
-66.16268977157885,192.168.4.10,37296
-68.37647394212158,192.168.4.5,37296
-62.06565897715159,192.168.4.2,37296
-66.15667123526816,192.168.4.10,37360
-68.36475553967365,192.168.4.5,37360
-62.09474195715187,192.168.4.2,37360
-61.50308291600231,192.168.4.6,37360
-62.122919679109295,192.168.4.2,37376
-68.35340189276539,192.168.4.5,37376
-66.11433331752578,192.168.4.10,37376
-61.51862779468855,192.168.4.6,37376
-66.11018982289214,192.168.4.10,37408
-68.40465510615337,192.168.4.5,37408
-62.11909359154409,192.168.4.2,37408
-61.53368177837349,192.168.4.6,37408
-62.11538659757044,192.168.4.2,37440
-66.10623363117178,192.168.4.10,37440
-61.64205301561452,192.168.4.6,37440
-68.42318624544578,192.168.4.5,37440
-66.06686274499059,192.168.4.10,37472
-61.6532408783608,192.168.4.6,37472
-68.44114057098362,192.168.4.5,37472
-62.11179499019435,192.168.4.2,37472
-64.0,192.168.4.12,37472
-66.02920413656186,192.168.4.10,37488
-61.63282858613223,192.168.4.6,37488
-68.39628257868898,192.168.4.5,37488
-62.10831517780846,192.168.4.2,37488
-63.499750124937535,192.168.4.12,37488
-63.66677774075308,192.168.4.12,37504
-68.38394759817477,192.168.4.5,37504
-66.02818120240605,192.168.4.10,37504
-61.67553942825368,192.168.4.6,37504
-62.16719713900385,192.168.4.2,37504
-63.49950074875212,192.168.4.12,37520
-68.37199656525873,192.168.4.5,37520
-61.71690673716083,192.168.4.6,37520
-62.16199283893477,192.168.4.2,37520
-66.02720122313498,192.168.4.10,37520
-66.02626173027562,192.168.4.10,37536
-63.80139724666292,192.168.4.12,37536
-68.36041752890794,192.168.4.5,37536
-61.78820039503411,192.168.4.6,37536
-62.18807726090637,192.168.4.2,37536
-61.79481291470504,192.168.4.6,37552
-63.83480020930209,192.168.4.12,37552
-68.3803256392878,192.168.4.5,37552
-66.05967943084518,192.168.4.10,37552
-62.21334976013887,192.168.4.2,37552
-63.713998865140994,192.168.4.12,37568
-61.80121780468311,192.168.4.6,37568
-68.36848734610521,192.168.4.5,37568
-62.20670887992977,192.168.4.2,37568
-66.0576435207054,192.168.4.10,37568
-61.74500275267631,192.168.4.6,37584
-66.08961101171593,192.168.4.10,37584
-62.2002747086006,192.168.4.2,37584
-63.62319505084942,192.168.4.12,37584
-68.35701754026873,192.168.4.5,37584
-63.43877768820153,192.168.4.12,37600
-66.08658713541877,192.168.4.10,37600
-68.31477802277078,192.168.4.5,37600
-61.69055100186673,192.168.4.6,37600
-62.22516754118177,192.168.4.2,37600
-62.24928554130412,192.168.4.2,37616
-68.30498001249734,192.168.4.5,37616
-66.11725755576664,192.168.4.10,37616
-61.66900606787154,192.168.4.6,37616
-63.39365894002242,192.168.4.12,37616
-68.32661371143813,192.168.4.5,37632
-66.11333855468136,192.168.4.10,37632
-61.64813631983444,192.168.4.6,37632
-63.35663060340343,192.168.4.12,37632
-62.27265282696777,192.168.4.2,37632
-68.31644729488862,192.168.4.5,37648
-66.10956702088197,192.168.4.10,37648
-62.26416603625666,192.168.4.2,37648
-63.41248129109336,192.168.4.12,37648
-61.62792032751195,192.168.4.6,37648
-61.57715034789534,192.168.4.6,37664
-68.306597325634,192.168.4.5,37664
-66.10593588757435,192.168.4.10,37664
-62.22481668238007,192.168.4.2,37664
-63.37918516527979,192.168.4.12,37664
-61.55915288426756,192.168.4.6,37680
-62.18669214518585,192.168.4.2,37680
-66.06942491820914,192.168.4.10,37680
-63.3505386096138,192.168.4.12,37680
-68.26592722450327,192.168.4.5,37680
-62.212007758540295,192.168.4.2,37696
-63.25450887822144,192.168.4.12,37696
-66.03424643228739,192.168.4.10,37696
-61.51053873376534,192.168.4.6,37696
-68.28877650900053,192.168.4.5,37696
-68.31091457000679,192.168.4.5,37728
-63.23739179823304,192.168.4.12,37728
-66.03312371172166,192.168.4.10,37728
-61.46344528636625,192.168.4.6,37728
-62.205408650451545,192.168.4.2,37728
-63.22222383577004,192.168.4.12,37760
-62.19901495101325,192.168.4.2,37760
-68.27011008717957,192.168.4.5,37760
-66.03204124387712,192.168.4.10,37760
-61.41782452728053,192.168.4.6,37760
-68.26170244364128,192.168.4.5,37776
-61.4359713222329,192.168.4.6,37776
-63.2086816068266,192.168.4.12,37776
-62.2239469957277,192.168.4.2,37776
-66.03099726991447,192.168.4.10,37776
-61.45355094998457,192.168.4.6,37824
-63.13818301978003,192.168.4.12,37824
-62.216976258236144,192.168.4.2,37824
-65.99749906471847,192.168.4.10,37824
-68.25355650254663,192.168.4.5,37824
-63.18644846703138,192.168.4.12,37840
-62.210222497002825,192.168.4.2,37840
-66.06239164319945,192.168.4.10,37840
-68.27679084715626,192.168.4.5,37840
-61.40825039636827,192.168.4.6,37840
-68.29930198261304,192.168.4.5,37856
-66.06037477745838,192.168.4.10,37856
-61.33320193171632,192.168.4.6,37856
-62.20367895826651,192.168.4.2,37856
-63.23032333793549,192.168.4.12,37856
-68.2899856908507,192.168.4.5,37872
-62.228465827690194,192.168.4.2,37872
-63.21833043716462,192.168.4.12,37872
-66.05842762454571,192.168.4.10,37872
-61.29165824314073,192.168.4.6,37872
-61.25141179201484,192.168.4.6,37888
-62.190227704538096,192.168.4.2,37888
-66.05654736260502,192.168.4.10,37888
-63.15693222213107,192.168.4.12,37888
-68.24983265557748,192.168.4.5,37888
-61.18126504350671,192.168.4.6,37920
-62.21543326749401,192.168.4.2,37920
-66.086846740832,192.168.4.10,37920
-63.14926090258693,192.168.4.12,37920
-68.21092945295983,192.168.4.5,37920
-63.14216908076419,192.168.4.12,37936
-68.23549063819861,192.168.4.5,37936
-62.20872753451568,192.168.4.2,37936
-61.144462801614445,192.168.4.6,37936
-66.08406296054031,192.168.4.10,37936
-62.202230529071855,192.168.4.2,37952
-63.13559115734205,192.168.4.12,37952
-61.42034121744097,192.168.4.6,37952
-68.19703385567212,192.168.4.5,37952
-66.08137325382349,192.168.4.10,37952
-66.0787740004495,192.168.4.10,37968
-62.19593575415711,192.168.4.2,37968
-68.19090083620304,192.168.4.5,37968
-63.1746061324106,192.168.4.12,37968
-61.68761120542004,192.168.4.6,37968
-66.2038288197106,192.168.4.10,37984
-61.63504200980562,192.168.4.6,37984
-62.34547056100521,192.168.4.2,37984
-63.16690594923552,192.168.4.12,37984
-68.15383198836842,192.168.4.5,37984
-63.15970328294021,192.168.4.12,38000
-68.11791697252218,192.168.4.5,38000
-62.45922410921258,192.168.4.2,38000
-66.29287106913802,192.168.4.10,38000
-61.58411268689196,192.168.4.6,38000
-61.56591915972237,192.168.4.6,38016
-68.02086641524498,192.168.4.5,38016
-63.1529499255477,192.168.4.12,38016
-66.31535769943045,192.168.4.10,38016
-62.600563610730894,192.168.4.2,38016
-62.64412348825473,192.168.4.2,38032
-61.548293024921925,192.168.4.6,38032
-63.105113005002586,192.168.4.12,38032
-66.27358426121296,192.168.4.10,38032
-67.9890901827865,192.168.4.5,38032
-63.10082870347857,192.168.4.12,38048
-67.9583030405108,192.168.4.5,38048
-66.26490639540238,192.168.4.10,38048
-61.53121652294471,192.168.4.6,38048
-62.62407403086335,192.168.4.2,38048
-66.25651348690468,192.168.4.10,38064
-67.92847420127562,192.168.4.5,38064
-61.48352872028035,192.168.4.6,38064
-63.05670188394636,192.168.4.12,38064
-62.60464864750283,192.168.4.2,38064
-62.58582791278981,192.168.4.2,38096
-66.2483952967189,192.168.4.10,38096
-67.93070056544344,192.168.4.5,38096
-63.093927937718014,192.168.4.12,38096
-61.4373276405135,192.168.4.6,38096
-66.24054203229372,192.168.4.10,38112
-61.39256679333568,192.168.4.6,38112
-67.93285763017673,192.168.4.5,38112
-63.1291651559759,192.168.4.12,38112
-62.53646627678785,192.168.4.2,38112
-68.05945446934713,192.168.4.5,38128
-61.34920115486828,192.168.4.6,38128
-62.55089456546615,192.168.4.2,38128
-66.26453011430772,192.168.4.10,38128
-63.12421039301349,192.168.4.12,38128
-68.05760384617993,192.168.4.5,38144
-66.22462474606546,192.168.4.10,38144
-63.11950662379304,192.168.4.12,38144
-62.50262029030643,192.168.4.2,38144
-61.27604718649576,192.168.4.6,38144
-61.26745131882239,192.168.4.6,38160
-66.18601122394595,192.168.4.10,38160
-68.0558108268589,192.168.4.5,38160
-63.11503527521973,192.168.4.12,38160
-62.48697536463877,192.168.4.2,38160
-61.2279849575426,192.168.4.6,38176
-66.18015075741931,192.168.4.10,38176
-68.02294688916301,192.168.4.5,38176
-63.11077966668208,192.168.4.12,38176
-62.440690685134,192.168.4.2,38176
-66.17447914135359,192.168.4.10,38192
-62.45810015471785,192.168.4.2,38192
-61.18974839000103,192.168.4.6,38192
-63.10672477167604,192.168.4.12,38192
-68.05335935675974,192.168.4.5,38192
-68.05169845451151,192.168.4.5,38208
-63.10285701441783,192.168.4.12,38208
-62.44384099525467,192.168.4.2,38208
-61.15270321587304,192.168.4.6,38208
-66.10606853806308,192.168.4.10,38208
-61.11681224105618,192.168.4.6,38224
-68.05008925071778,192.168.4.5,38224
-63.06326067353388,192.168.4.12,38224
-62.39889894758501,192.168.4.2,38224
-66.07129361353873,192.168.4.10,38224
-61.113175202733046,192.168.4.6,38240
-63.02541919612888,192.168.4.12,38240
-68.0796568653765,192.168.4.5,38240
-66.03763268749297,192.168.4.10,38240
-62.38648252806468,192.168.4.2,38240
-66.03645091874115,192.168.4.10,38256
-63.0598203944531,192.168.4.12,38256
-62.374452591072405,192.168.4.2,38256
-68.07717740769887,192.168.4.5,38256
-66.0666926166478,192.168.4.10,38272
-63.05772506372587,192.168.4.12,38272
-62.3627971066712,192.168.4.2,38272
-68.04364839822719,192.168.4.5,38272
-66.06460048242363,192.168.4.10,38288
-62.351504419376674,192.168.4.2,38288
-68.04228976635548,192.168.4.5,38288
-63.05571771978586,192.168.4.12,38288
-62.34056323650152,192.168.4.2,38304
-66.06257494383911,192.168.4.10,38304
-63.05379330632773,192.168.4.12,38304
-68.04097342425013,192.168.4.5,38320
-66.02927296895824,192.168.4.10,38320
-62.32996261686287,192.168.4.2,38320
-63.08626615139214,192.168.4.12,38320
-63.08332325917866,192.168.4.12,38336
-68.07082478477076,192.168.4.5,38336
-62.28856523063935,192.168.4.2,38336
-66.02835591527743,192.168.4.10,38336
-68.06862024087444,192.168.4.5,38352
-63.11441961826955,192.168.4.12,38352
-66.02746794096282,192.168.4.10,38352
-62.31070986804994,192.168.4.2,38352
-65.99530437037834,192.168.4.10,38384
-63.11055858863725,192.168.4.12,38384
-68.03535758801725,192.168.4.5,38384
-62.269911756925104,192.168.4.2,38384
-68.03425702194981,192.168.4.5,38432
-65.96415846359714,192.168.4.10,38432
-62.26151028675893,192.168.4.2,38432
-63.10684627132921,192.168.4.12,38432
-62.25337032687952,192.168.4.2,38464
-65.93399704062824,192.168.4.10,38464
-63.17011956292004,192.168.4.12,38464
-68.06431744210606,192.168.4.5,38464
-62.27661046652872,192.168.4.2,38496
-65.93606115538721,192.168.4.10,38496
-63.23101195683395,192.168.4.12,38496
-62.26800048744272,192.168.4.2,38528
-65.96932422056689,192.168.4.10,38528
-63.28963754829958,192.168.4.12,38528
-65.97028301174241,192.168.4.10,38544
-63.313089198620034,192.168.4.12,38544
-62.25965850884416,192.168.4.2,38544
-62.251576188754434,192.168.4.2,38560
-63.302790201674696,192.168.4.12,38560
-65.93996387367837,192.168.4.10,38560
-62.2748721740552,192.168.4.2,38576
-63.29286365564303,192.168.4.12,38576
-65.91059912233752,192.168.4.10,38576
-62.26631630232829,192.168.4.2,38592
-63.31597254998741,192.168.4.12,38592
-65.9133914091007,192.168.4.10,38592
-63.27309527958512,192.168.4.12,38608
-65.88486913378031,192.168.4.10,38608
-62.25802674690371,192.168.4.2,38608
-62.218868489024295,192.168.4.2,38624
-63.296713192253705,192.168.4.12,38624
-65.88846359335322,192.168.4.10,38624
-65.86073031005827,192.168.4.10,38640
-62.24318255803738,192.168.4.2,38640
-63.287097973716016,192.168.4.12,38640
-63.27781727460595,192.168.4.12,38656
-62.235613080406765,192.168.4.2,38656
-65.89628631261573,192.168.4.10,38656
-65.86831824272373,192.168.4.10,38672
-62.25940594505829,192.168.4.2,38672
-63.3333595598293,192.168.4.12,38672
-62.28245821565488,192.168.4.2,38688
-65.90362629194553,192.168.4.10,38688
-63.322631701255766,192.168.4.12,38688
-65.96902299487513,192.168.4.10,38704
-63.28015482792591,192.168.4.12,38704
-62.27366621526538,192.168.4.2,38704
-65.93879823995056,192.168.4.10,38720
-63.27117476164905,192.168.4.12,38720
-62.26514788109115,192.168.4.2,38720
-63.29449449874111,192.168.4.12,38736
-65.9407069403075,192.168.4.10,38736
-62.256894694798014,192.168.4.2,38736
-63.28508765087029,192.168.4.12,38752
-65.94255589472482,192.168.4.10,38752
-62.24889840319968,192.168.4.2,38752
-65.9443469932165,192.168.4.10,38768
-62.241151010004536,192.168.4.2,38768
-63.24410393712039,192.168.4.12,38768
-63.23633060628553,192.168.4.12,38816
-62.2336447678194,192.168.4.2,38816
-65.946082064214,192.168.4.10,38816
-63.2606152177229,192.168.4.12,38848
-65.94776287673348,192.168.4.10,38848
-62.19524544120034,192.168.4.2,38848
-62.22029481842596,192.168.4.2,38864
-63.25233853853457,192.168.4.12,38864
-65.94939114245273,192.168.4.10,38864
-63.27605373986077,192.168.4.12,38880
-65.982136485653,192.168.4.10,38880
-62.213437761268274,192.168.4.2,38880
-62.17566741267012,192.168.4.2,38896
-63.29899019901785,192.168.4.12,38896
-65.98269320992156,192.168.4.10,38896
-62.17019946068636,192.168.4.2,38912
-63.32117589753666,192.168.4.12,38912
-65.983232542553,192.168.4.10,38912
-65.98375503056761,192.168.4.10,38928
-62.13377497896156,192.168.4.2,38928
-63.34263759687336,192.168.4.12,38928
-63.36340090953797,192.168.4.12,38944
-66.01541994945106,192.168.4.10,38944
-62.09848427221572,192.168.4.2,38944
-62.09541877894383,192.168.4.2,38960
-63.35193289707184,192.168.4.12,38960
-65.98378273049498,192.168.4.10,38960
-63.34083613559505,192.168.4.12,38976
-65.98428797855802,192.168.4.10,38976
-62.09244870445089,192.168.4.2,38976
-62.05844434946066,192.168.4.2,38992
-64.0,192.168.4.3,38992
-63.33009775797809,192.168.4.12,38992
-66.04708387978683,192.168.4.10,38992
-62.08775189722336,192.168.4.2,39024
-63.31970541894923,192.168.4.12,39024
-66.04561714220395,192.168.4.10,39024
-65.00049975012493,192.168.4.3,39024
-62.08502046768155,192.168.4.2,39040
-63.34110795246628,192.168.4.12,39040
-66.07534622848958,192.168.4.10,39040
-65.33422126024591,192.168.4.3,39040
-66.01070203121849,192.168.4.10,39056
-62.05124732940568,192.168.4.2,39056
-63.3618235956965,192.168.4.12,39056
-65.25037393952768,192.168.4.3,39056
-62.0807788968627,192.168.4.2,39088
-63.35045480086525,192.168.4.12,39088
-66.01036869195003,192.168.4.10,39088
-65.1999993622337,192.168.4.3,39088
-68.69834786205985,192.168.4.3,39104
-66.07233780721391,192.168.4.10,39104
-62.07826451401483,192.168.4.2,39104
-63.37085228694363,192.168.4.12,39104
-68.16317143549227,192.168.4.3,39120
-63.35921281465532,192.168.4.12,39120
-66.10122970360737,192.168.4.10,39120
-62.10695512488272,192.168.4.2,39120
-67.760890639788,192.168.4.3,39136
-62.10362596167376,192.168.4.2,39136
-66.09807703247493,192.168.4.10,39136
-63.347944379541,192.168.4.12,39136
-62.06927369522474,192.168.4.2,39152
-67.44721535468749,192.168.4.3,39152
-63.33703463491396,192.168.4.12,39152
-66.09502264954406,192.168.4.10,39152
-67.29840071140711,192.168.4.3,39184
-62.12937089007615,192.168.4.2,39184
-63.3264716915555,192.168.4.12,39184
-66.12320519591789,192.168.4.10,39184
-62.21872418501937,192.168.4.2,39216
-63.3475717588314,192.168.4.12,39216
-66.0882276920136,192.168.4.10,39216
-62.2119160165424,192.168.4.2,39232
-66.08548028752772,192.168.4.10,39232
-63.33668744099841,192.168.4.12,39232
-66.98814663248451,192.168.4.3,39232
-63.29484414920902,192.168.4.12,39264
-66.05167938184893,192.168.4.10,39264
-66.90236594528568,192.168.4.3,39264
-62.20531976408198,192.168.4.2,39264
-62.19892883138564,192.168.4.2,39280
-66.112346899617,192.168.4.10,39280
-63.28561763653656,192.168.4.12,39280
-66.10884868102,192.168.4.10,39296
-63.30796540346437,192.168.4.12,39296
-66.74880403296285,192.168.4.3,39296
-62.25499028592415,192.168.4.2,39296
-62.27818000154685,192.168.4.2,39312
-66.61668596330625,192.168.4.3,39312
-66.10545946160532,192.168.4.10,39312
-63.29833438175575,192.168.4.12,39312
-62.269521167969366,192.168.4.2,39328
-66.43062712100013,192.168.4.3,39328
-63.289007232891954,192.168.4.12,39328
-66.10217583852823,192.168.4.10,39328
-62.29225858476158,192.168.4.2,39344
-63.311229768180695,192.168.4.12,39344
-66.06785875217395,192.168.4.10,39344
-66.26715447854109,192.168.4.3,39344
-66.09688116554102,192.168.4.10,39360
-66.1222964241168,192.168.4.3,39360
-62.25203480173509,192.168.4.2,39360
-63.30150454554264,192.168.4.12,39360
-63.26084515594367,192.168.4.12,39376
-66.05390414268071,192.168.4.3,39376
-62.24418978271207,192.168.4.2,39376
-66.09386480047947,192.168.4.10,39376
-67.15897017532829,192.168.4.3,39392
-66.12207659693155,192.168.4.10,39392
-63.752431311289286,192.168.4.12,39392
-62.23658895347176,192.168.4.2,39392
-67.03805858562168,192.168.4.3,39424
-63.72893530201392,192.168.4.12,39424
-62.22922471318492,192.168.4.2,39424
-62.19096296840953,192.168.4.2,39440
-66.92814599408263,192.168.4.3,39440
-63.73739811594511,192.168.4.12,39440
-66.05600840720898,192.168.4.10,39440
-63.83923983799886,192.168.4.12,39456
-66.08539799401953,192.168.4.10,39456
-62.21614564500602,192.168.4.2,39456
-66.0827393059104,192.168.4.10,39520
-66.87981757496675,192.168.4.3,39520
-63.844257077359934,192.168.4.12,39520
-62.24054446724752,192.168.4.2,39520
-66.08016342184665,192.168.4.10,39536
-66.8858742129283,192.168.4.3,39536
-62.233057104754536,192.168.4.2,39536
-63.88032133314808,192.168.4.12,39536
-66.07766776008401,192.168.4.10,39552
-63.852855635515375,192.168.4.12,39552
-62.2258027993663,192.168.4.2,39552
-62.21877429677743,192.168.4.2,39568
-66.04411797740487,192.168.4.10,39568
-63.82625067170413,192.168.4.12,39584
-62.180837839283605,192.168.4.2,39584
-66.79368700299169,192.168.4.3,39584
-66.04274451731835,192.168.4.10,39584
-62.20633567803253,192.168.4.2,39600
-66.04141382771813,192.168.4.10,39600
-66.80348953660324,192.168.4.3,39600
-63.800479122225326,192.168.4.12,39600
-62.19991312325776,192.168.4.2,39616
-66.72004511957074,192.168.4.3,39616
-63.806701583316645,192.168.4.12,39616
-66.04012457556396,192.168.4.10,39616
-62.1625637524045,192.168.4.2,39632
-63.78154595020101,192.168.4.12,39632
-66.07000616880758,192.168.4.10,39632
-66.64241111799055,192.168.4.3,39632
-62.18863040370712,192.168.4.2,39648
-63.72599761762657,192.168.4.12,39648
-66.06782684484845,192.168.4.10,39648
-66.56998029163456,192.168.4.3,39648
-63.73454007767283,192.168.4.12,39664
-62.182758956211714,192.168.4.2,39664
-66.50222929664211,192.168.4.3,39664
-66.06571537973026,192.168.4.10,39664
-66.03253964589152,192.168.4.10,39680
-62.20819699687426,192.168.4.2,39680
-63.71164186874456,192.168.4.12,39680
-66.43870467060476,192.168.4.3,39680
-63.72063018262233,192.168.4.12,39696
-66.00039688090258,192.168.4.10,39696
-62.20171650533194,192.168.4.2,39696
-66.42050242260989,192.168.4.3,39696
-66.36260415689188,192.168.4.3,39712
-63.698169604186376,192.168.4.12,39712
-66.00038452614972,192.168.4.10,39712
-62.16431100109321,192.168.4.2,39712
-66.30798404430305,192.168.4.3,39728
-63.70757628100684,192.168.4.12,39728
-66.00037255606384,192.168.4.10,39728
-62.15919653705732,192.168.4.2,39728
-63.68552603507154,192.168.4.12,39744
-66.00036095866213,192.168.4.10,39744
-62.15424126955848,192.168.4.2,39744
-66.25636612676773,192.168.4.3,39744
-66.20750594305427,192.168.4.3,39760
-66.00034972233559,192.168.4.10,39760
-62.1494402433292,192.168.4.2,39760
-63.69532530714977,192.168.4.12,39760
-66.00033883583733,192.168.4.10,39792
-62.144788657343256,192.168.4.2,39792
-66.08446632352006,192.168.4.3,39792
-63.70481858851906,192.168.4.12,39792
-62.171408589216384,192.168.4.2,39808
-63.71401549168394,192.168.4.12,39808
-66.06258596521828,192.168.4.10,39808
-66.06063774490677,192.168.4.10,39824
-66.0433982680262,192.168.4.3,39824
-63.69177038167732,192.168.4.12,39824
-62.166073200476994,192.168.4.2,39824
-62.16090388493808,192.168.4.2,39840
-65.96694438086546,192.168.4.3,39840
-63.67021951325032,192.168.4.12,39840
-66.08987876539348,192.168.4.10,39840
-63.68049269881202,192.168.4.12,39856
-66.08708097658659,192.168.4.10,39856
-62.280402390091055,192.168.4.2,39856
-65.93117329452006,192.168.4.3,39856
-63.65929530827376,192.168.4.12,39872
-66.08437028798714,192.168.4.10,39872
-62.33392783923065,192.168.4.2,39872
-65.93369257511272,192.168.4.3,39872
-63.63875916091536,192.168.4.12,39888
-62.385787216209465,192.168.4.2,39888
-65.89985510535179,192.168.4.3,39888
-66.08174398716598,192.168.4.10,39888
-66.04807127382044,192.168.4.10,39904
-65.90345064977363,192.168.4.3,39904
-62.4360323804045,192.168.4.2,39904
-63.61886354417952,192.168.4.12,39904
-65.90688684387541,192.168.4.3,39920
-62.51584030618167,192.168.4.2,39920
-63.568442372598696,192.168.4.12,39920
-66.07770299114239,192.168.4.10,39920
-63.61302801484409,192.168.4.12,39936
-65.87487513786822,192.168.4.3,39936
-66.07528425236092,192.168.4.10,39936
-62.59316407226503,192.168.4.2,39936
-66.07294080995014,192.168.4.10,39952
-62.60582754401717,192.168.4.2,39952
-65.84423086051723,192.168.4.3,39952
-63.6250797680666,192.168.4.12,39952
-66.22630956856825,192.168.4.10,39968
-66.30171244223834,192.168.4.3,39968
-62.74260376012028,192.168.4.2,39968
-63.63675579381855,192.168.4.12,39968
-66.21926505384333,192.168.4.10,39984
-66.25675308367,192.168.4.3,39984
-62.71948893397482,192.168.4.2,39984
-63.61692612661301,192.168.4.12,39984
-66.21243983336713,192.168.4.10,40000
-66.21362260441727,192.168.4.3,40000
-63.62885535196802,192.168.4.12,40000
-66.2680823916207,192.168.4.10,40016
-63.64041277172643,192.168.4.12,40016
-66.25973763033828,192.168.4.10,40032
-66.17222096014548,192.168.4.3,40032
-63.65161000315092,192.168.4.12,40032
-66.25165263529315,192.168.4.10,40048
-66.16637872091198,192.168.4.3,40048
-63.631319933295,192.168.4.12,40048
-66.21269182292696,192.168.4.10,40064
-66.09327541430497,192.168.4.3,40064
-63.58052446187802,192.168.4.12,40064
-66.0901434284574,192.168.4.3,40080
-63.53131170025893,192.168.4.12,40080
-66.20607126905983,192.168.4.10,40080
-66.08713064014158,192.168.4.3,40112
-63.51476859133783,192.168.4.12,40112
-66.19965680523565,192.168.4.10,40112
-63.46760511456891,192.168.4.12,40128
-66.22456937875336,192.168.4.10,40128
-66.08423121941772,192.168.4.3,40128
-63.45304613119679,192.168.4.12,40160
-66.08143973358642,192.168.4.3,40160
-66.24870645939885,192.168.4.10,40160
-66.20983761368147,192.168.4.10,40176
-63.47007537037788,192.168.4.12,40176
-66.04573747143277,192.168.4.3,40176
-65.9784434093504,192.168.4.3,40192
-63.486574150906165,192.168.4.12,40192
-66.20330594501306,192.168.4.10,40192
-66.22810481748752,192.168.4.10,40208
-63.47142527580775,192.168.4.12,40208
-65.94636653404672,192.168.4.3,40208
-63.45674824459916,192.168.4.12,40224
-66.25213174666281,192.168.4.10,40224
-65.91543970583196,192.168.4.3,40240
-63.53592707401125,192.168.4.12,40240
-66.27541076382292,192.168.4.10,40240
-63.61263990248024,192.168.4.12,40256
-65.8856126734943,192.168.4.3,40256
-66.26683801536034,192.168.4.10,40256
-65.8243470987929,192.168.4.3,40272
-66.2274050070532,192.168.4.10,40272
-63.718095793420574,192.168.4.12,40272
-65.79763349888316,192.168.4.3,40288
-66.18919946316309,192.168.4.10,40288
-63.78913567515501,192.168.4.12,40288
-66.2144373051339,192.168.4.10,40304
-63.79570020396795,192.168.4.12,40304
-65.80417517726045,192.168.4.3,40304
-66.23888955090408,192.168.4.10,40320
-65.81049074296554,192.168.4.3,40320
-63.802060308864775,192.168.4.12,40320
-65.78440830492133,192.168.4.3,40336
-66.20032660346311,192.168.4.10,40336
-63.77709140263334,192.168.4.12,40336
-65.72710128176067,192.168.4.3,40352
-66.19409103568526,192.168.4.10,40352
-63.78403070315864,192.168.4.12,40352
-63.75962346983642,192.168.4.12,40368
-65.70379482029955,192.168.4.3,40368
-66.21917655665426,192.168.4.10,40368
-63.73597621832258,192.168.4.12,40384
-65.64927962903354,192.168.4.3,40384
-66.21235425349249,192.168.4.10,40384
-63.7130652689311,192.168.4.12,40400
-66.23687127096053,192.168.4.10,40400
-65.6285401085262,192.168.4.3,40400
-65.57660308960544,192.168.4.3,40448
-63.721997493146034,192.168.4.12,40448
-66.26062513742859,192.168.4.10,40448
-66.28363960877876,192.168.4.10,40464
-63.73065160637732,192.168.4.12,40464
-65.55824153989518,192.168.4.3,40464
-63.73903627255662,192.168.4.12,40496
-66.27481078138803,192.168.4.10,40496
-65.5086896125384,192.168.4.3,40496
-66.23512986317373,192.168.4.10,40512
-65.55605099747628,192.168.4.3,40512
-63.74715988527982,192.168.4.12,40512
-63.72390145339658,192.168.4.12,40544
-66.19668410281167,192.168.4.10,40544
-65.63357103242926,192.168.4.3,40544
-65.70854552204455,192.168.4.3,40560
-63.70136714229464,192.168.4.12,40560
-66.19056193897526,192.168.4.10,40560
-66.15350346358477,192.168.4.10,40576
-63.64840555933804,192.168.4.12,40576
-65.74941773190315,192.168.4.3,40576
-66.1487253815021,192.168.4.10,40592
-63.59709282203179,192.168.4.12,40592
-65.78895613446768,192.168.4.3,40592
-63.54737757780627,192.168.4.12,40608
-65.79562212227769,192.168.4.3,40608
-66.1752228871203,192.168.4.10,40608
-73.0,192.168.4.7,40624
-63.53033854913667,192.168.4.12,40624
-65.89674417366344,192.168.4.3,40624
-66.16976875029764,192.168.4.10,40624
-65.96306172574145,192.168.4.3,40640
-63.57608671017091,192.168.4.12,40640
-66.16448438485757,192.168.4.10,40640
-72.49975012493753,192.168.4.7,40640
-63.58928239608996,192.168.4.12,40656
-66.15936450619644,192.168.4.10,40656
-75.33788470776142,192.168.4.7,40656
-63.63319545689875,192.168.4.12,40672
-66.12327716368476,192.168.4.10,40672
-74.75137094514288,192.168.4.7,40672
-76.6121707554829,192.168.4.7,40688
-63.613485295547,192.168.4.12,40688
-66.11943993706758,192.168.4.10,40688
-63.594388724689374,192.168.4.12,40704
-66.1157221518255,192.168.4.10,40704
-78.52748778107463,192.168.4.7,40704
-63.60701456123613,192.168.4.12,40736
-66.1743737160875,192.168.4.10,40736
-79.75351869609221,192.168.4.7,40736
-63.65037520280256,192.168.4.12,40768
-66.1378192110413,192.168.4.10,40768
-80.29357095462986,192.168.4.7,40768
-63.66125824697801,192.168.4.12,40784
-66.1646561426641,192.168.4.10,40784
-80.14660343909566,192.168.4.7,40784
-66.12840412554695,192.168.4.10,40800
-63.64067478760671,192.168.4.12,40800
-79.103245816883,192.168.4.7,40800
-78.15291458083728,192.168.4.7,40816
-63.62073208310007,192.168.4.12,40816
-66.12440731674539,192.168.4.10,40816
-77.70559174504548,192.168.4.7,40832
-63.6014101835061,192.168.4.12,40832
-66.18278849688284,192.168.4.10,40832
-77.24502758204952,192.168.4.7,40848
-63.64494485240176,192.168.4.12,40848
-66.17709887835576,192.168.4.10,40848
-77.07542097955118,192.168.4.7,40864
-63.65599683007925,192.168.4.12,40864
-66.2027131430322,192.168.4.10,40864
-76.78563912571065,192.168.4.7,40880
-66.19640333567861,192.168.4.10,40880
-63.66670477120073,192.168.4.12,40880
-66.19028993291703,192.168.4.10,40896
-63.67707938672894,192.168.4.12,40896
-77.20358805112876,192.168.4.7,40896
-66.18436682123098,192.168.4.10,40944
-63.65600369056565,192.168.4.12,40944
-76.9350030947655,192.168.4.7,40944
-66.17862807740538,192.168.4.10,40960
-63.66671137534758,192.168.4.12,40960
-76.75614521608078,192.168.4.7,40960
-66.20419473104661,192.168.4.10,40976
-63.70821303449115,192.168.4.12,40976
-76.65371480290742,192.168.4.7,40976
-66.2600923415055,192.168.4.10,40992
-76.56109968111191,192.168.4.7,40992
-63.6861683075864,192.168.4.12,40992
-77.01620995631818,192.168.4.7,41008
-66.3142500361935,192.168.4.10,41008
-63.69593701625178,192.168.4.12,41008
-76.859156367939,192.168.4.7,41024
-66.27334168855195,192.168.4.10,41024
-63.67427445146478,192.168.4.12,41024
-76.61427737742908,192.168.4.7,41040
-66.2959602071769,192.168.4.10,41040
-63.65328620058472,192.168.4.12,41040
-76.5353666385957,192.168.4.7,41056
-66.28674792548797,192.168.4.10,41056
-63.66407840837515,192.168.4.12,41056
-66.37120266092094,192.168.4.10,41072
-63.67453467725284,192.168.4.12,41072
-76.79500734459454,192.168.4.7,41072
-63.65353837687187,192.168.4.12,41088
-66.39077508126636,192.168.4.10,41088
-76.66568707201313,192.168.4.7,41088
-63.66432271074462,192.168.4.12,41120
-66.37861152188695,192.168.4.10,41120
-63.70589839854136,192.168.4.12,41152
-66.36682657516329,192.168.4.10,41152
-66.355408456046,192.168.4.10,41184
-63.71505290677906,192.168.4.12,41184
-63.69279544926774,192.168.4.12,41216
-66.40659924386972,192.168.4.10,41216
-76.4551019231702,192.168.4.7,41216
-66.4873233745642,192.168.4.10,41232
-76.34683118685119,192.168.4.7,41232
-63.733484793375055,192.168.4.12,41232
-63.7729075803304,192.168.4.12,41248
-66.56553482279028,192.168.4.10,41248
-63.77997627694253,192.168.4.12,41264
-76.07293976907384,192.168.4.7,41264
-66.57905830974263,192.168.4.10,41264
-75.8584208521144,192.168.4.7,41280
-66.52990736534412,192.168.4.10,41280
-63.786824943410494,192.168.4.12,41280
-66.51341307472143,192.168.4.10,41296
-63.793460428981895,192.168.4.12,41296
-75.69833153024335,192.168.4.7,41312
-66.4974321981005,192.168.4.10,41312
-66.4819487545208,192.168.4.10,41328
-75.5475912159411,192.168.4.7,41328
-66.46694726046246,192.168.4.10,41360
-66.5146661949202,192.168.4.10,41376
-66.59202653309053,192.168.4.10,41392
-75.36530060500591,192.168.4.7,41392
-75.27195704159837,192.168.4.7,41424
-66.57359867773589,192.168.4.10,41424
-75.61139136199314,192.168.4.7,41488
-66.61799789849712,192.168.4.10,41488
-66.66101511555406,192.168.4.10,41504
-75.51121864046465,192.168.4.7,41504
-66.67156660899276,192.168.4.10,41520
-75.41612037485038,192.168.4.7,41520
-75.32572106435082,192.168.4.7,41536
-66.71291640548603,192.168.4.10,41536
-66.72185238083331,192.168.4.10,41552
-75.16569558122998,192.168.4.7,41552
-75.04982085812036,192.168.4.7,41568
-66.69938347243027,192.168.4.10,41568
-66.64648721261953,192.168.4.10,41584
-74.97553436045425,192.168.4.7,41600
-66.68861764658936,192.168.4.10,41600
-66.63605649304958,192.168.4.10,41616
-66.64738486592262,192.168.4.10,41632
-66.65836062343011,192.168.4.10,41648
-74.86870249439349,192.168.4.7,41648
-66.66899474135053,192.168.4.10,41664
-74.76660529158578,192.168.4.7,41664
-66.71042458731246,192.168.4.10,41680
-74.7042468511619,192.168.4.7,41680
-66.65718465747536,192.168.4.10,41696
-74.67957917586008,192.168.4.7,41696
-66.63672864612231,192.168.4.10,41712
-74.55162468809179,192.168.4.7,41712
-66.7102895619708,192.168.4.10,41728
-66.75043403382007,192.168.4.10,41744
-66.69594874219041,192.168.4.10,41760
-66.67428613211116,192.168.4.10,41776
-66.6221710764574,192.168.4.10,41792
-74.35987920199996,192.168.4.7,41808
-66.57167819244584,192.168.4.10,41808
-74.2102526111368,192.168.4.7,41824
-66.58501045040074,192.168.4.10,41824
-74.0666236277393,192.168.4.7,41856
-66.56680098719757,192.168.4.10,41856
-73.9625947751698,192.168.4.7,41872
-66.51803159380384,192.168.4.10,41872
-74.20006830041382,192.168.4.7,41904
-66.5330336948353,192.168.4.10,41904
-66.51644209835581,192.168.4.10,41920
-74.1933504413712,192.168.4.7,41936
-66.4692402131264,192.168.4.10,41936
-66.45463429930228,192.168.4.10,41952
-66.50273648139557,192.168.4.10,41968
-74.05319960142558,192.168.4.7,41984
-66.51821466900904,192.168.4.10,41984
-73.8517690559645,192.168.4.7,42000
-66.53321107120225,192.168.4.10,42000
-73.65783703740082,192.168.4.7,42016
-66.54774068438546,192.168.4.10,42016
-73.50406488180715,192.168.4.7,42032
-66.62407149900459,192.168.4.10,42032
-66.66689965442008,192.168.4.10,42048
-73.32300993754674,192.168.4.7,42064
-66.77064816983581,192.168.4.10,42064
-66.90229406318863,192.168.4.10,42080
-66.9987155199431,192.168.4.10,42096
-73.21406978384859,192.168.4.7,42096
-67.09213569186032,192.168.4.10,42128
-73.10903544408777,192.168.4.7,42128
-73.17064721447444,192.168.4.7,42144
-67.05814107902333,192.168.4.10,42144
-67.02520460737632,192.168.4.10,42160
-73.100120562348,192.168.4.7,42160
-73.45333951439889,192.168.4.7,42176
-66.99329334043762,192.168.4.10,42176
-66.96237536693114,192.168.4.10,42192
-73.27705543087473,192.168.4.7,42192
-66.96354649872019,192.168.4.10,42208
-73.2358689900042,192.168.4.7,42208
-66.964681177005,192.168.4.10,42224
-73.38918369838451,192.168.4.7,42224
-66.96578053646412,192.168.4.10,42240
-66.99797240619117,192.168.4.10,42256
-73.28033863856083,192.168.4.7,42256
-66.96690878885428,192.168.4.10,42272
-73.49573026622095,192.168.4.7,42272
-66.96793881003809,192.168.4.10,42288
-73.41587604246678,192.168.4.7,42288
-73.24288020642739,192.168.4.7,42304
-67.000063499672,192.168.4.10,42304
-66.96893479351989,192.168.4.10,42320
-73.10756726669321,192.168.4.7,42320
-73.2952079479476,192.168.4.7,42336
-66.938775022212,192.168.4.10,42336
-73.22222056146512,192.168.4.7,42352
-66.94068075553828,192.168.4.10,42352
-73.11988852539177,192.168.4.7,42368
-66.94252716961736,192.168.4.10,42368
-66.94431611086358,192.168.4.10,42384
-73.02092824950711,192.168.4.7,42384
-72.9569001015541,192.168.4.7,42416
-66.9460493682184,192.168.4.10,42416
-72.92661593557531,192.168.4.7,42432
-66.94772867493938,192.168.4.10,42432
-72.92893604577922,192.168.4.7,42448
-66.91822898086627,192.168.4.10,42448
-66.95190097470667,192.168.4.10,42464
-72.83642327869076,192.168.4.7,42496
-66.89114468118184,192.168.4.10,42496
-66.86340626181547,192.168.4.10,42512
-66.89878470755058,192.168.4.10,42544
-72.77847041038369,192.168.4.7,42544
-66.8708084791741,192.168.4.10,42560
-72.69086273383262,192.168.4.7,42560
-66.84370305929812,192.168.4.10,42576
-66.87969480124528,192.168.4.10,42592
-72.70060240739681,192.168.4.7,42592
-66.94569296733127,192.168.4.10,42608
-72.52113256413203,192.168.4.7,42608
-72.47327669169891,192.168.4.7,42624
-66.94738336763906,192.168.4.10,42624
-72.42695669976872,192.168.4.7,42640
-66.94902115131349,192.168.4.10,42640
-72.38212054716371,192.168.4.7,42672
-66.98173468547243,192.168.4.10,42672
-72.33871820248166,192.168.4.7,42688
-66.98230322497379,192.168.4.10,42688
-72.29670154526198,192.168.4.7,42704
-66.95172733838146,192.168.4.10,42704
-72.25602427365783,192.168.4.7,42720
-66.98435663776402,192.168.4.10,42720
-66.98484356446575,192.168.4.10,42736
-72.18528696578555,192.168.4.7,42736
-67.01644206402997,192.168.4.10,42752
-72.49288816495134,192.168.4.7,42752
-67.0159302763539,192.168.4.10,42784
-72.4774471310563,192.168.4.7,42784
-66.9843076896676,192.168.4.10,42800
-67.01592286924468,192.168.4.10,42816
-72.4624957255096,192.168.4.7,42816
-67.04655397168105,192.168.4.10,42832
-72.82366254960891,192.168.4.7,42832
-67.07623162808007,192.168.4.10,42848
-72.73530211116511,192.168.4.7,42848
-72.99384368720989,192.168.4.7,42864
-67.16723897463446,192.168.4.10,42864
-73.33803991569694,192.168.4.7,42880
-67.16203337234867,192.168.4.10,42880
-73.32747140999184,192.168.4.7,42896
-67.12586307417659,192.168.4.10,42896
-67.09081863908698,192.168.4.10,42912
-73.22346915532532,192.168.4.7,42912
-73.40397261059702,192.168.4.7,42928
-67.087991751897,192.168.4.10,42928
-67.05412612720961,192.168.4.10,42944
-73.57879417277402,192.168.4.7,42944
-73.49824985350263,192.168.4.7,42960
-67.05244135790278,192.168.4.10,42960
-67.05080902995414,192.168.4.10,42992
-67.01810078179419,192.168.4.10,43040
-67.01753736366027,192.168.4.10,43056
-73.42023754746302,192.168.4.7,43056
-67.01699148289009,192.168.4.10,43072
-73.37589681924727,192.168.4.7,43072
-66.95420913513355,192.168.4.10,43104
-66.92450772575293,192.168.4.10,43120
-73.55145251782486,192.168.4.7,43120
-66.95798428256319,192.168.4.10,43136
-73.3781946301938,192.168.4.7,43152
-66.92816536519423,192.168.4.10,43152
-66.99265480087558,192.168.4.10,43168
-77.0,192.168.4.11,43168
-66.93062997444837,192.168.4.10,43200
-77.50024987506247,192.168.4.11,43200
-76.99933388837087,192.168.4.11,43216
-66.93278923644999,192.168.4.10,43216
-66.96600801691076,192.168.4.10,43232
-76.24687992929515,192.168.4.11,43232
-73.27278011900897,192.168.4.7,43248
-74.99002413816093,192.168.4.11,43248
-66.93593934694249,192.168.4.10,43248
-73.17067059856197,192.168.4.7,43264
-66.90680661632352,192.168.4.10,43264
-74.48713249693728,192.168.4.11,43264
-66.94083415076148,192.168.4.10,43280
-73.07176103753041,192.168.4.7,43280
-74.56134795957871,192.168.4.11,43280
-74.74431056510444,192.168.4.11,43296
-66.91154906091153,192.168.4.10,43296
-72.94475891258428,192.168.4.7,43296
-66.91430224934153,192.168.4.10,43312
-73.04004276960755,192.168.4.7,43328
-74.77336041417568,192.168.4.11,43344
-73.35062729691816,192.168.4.7,43344
-74.69383710495295,192.168.4.11,43360
-73.65149327457374,192.168.4.7,43360
-74.62857341786513,192.168.4.11,43376
-73.84941806845926,192.168.4.7,43376
-74.57400716426791,192.168.4.11,43392
-73.79176517433606,192.168.4.7,43392
-74.68911550467756,192.168.4.11,43408
-74.01645062653975,192.168.4.7,43408
-74.18376841516361,192.168.4.11,43424
-74.015937893939,192.168.4.7,43424
-74.17070160506212,192.168.4.11,43440
-73.984275743372,192.168.4.7,43440
-74.15922101134603,192.168.4.11,43472
-73.92243962856817,192.168.4.7,43472
-74.08066066153873,192.168.4.7,43488
-74.0851534954618,192.168.4.11,43488
-74.23394110650818,192.168.4.7,43504
-74.14090386431683,192.168.4.11,43504
-74.4135929518611,192.168.4.7,43520
-74.07435853928165,192.168.4.11,43520
-74.27608772699963,192.168.4.7,43536
-74.12619843118603,192.168.4.11,43536
-74.14287386525052,192.168.4.7,43552
-74.11939254409442,192.168.4.11,43552
-74.38763581450816,192.168.4.7,43568
-74.11317579269206,192.168.4.11,43568
-74.2821107449712,192.168.4.7,43584
-74.05707688503536,192.168.4.11,43584
-74.24217474837288,192.168.4.7,43600
-74.15205281707901,192.168.4.11,43600
-74.19234126658017,192.168.4.11,43616
-74.48380998016944,192.168.4.7,43616
-74.13717364854067,192.168.4.11,43632
-74.62447136741247,192.168.4.7,43632
-74.1309823346464,192.168.4.11,43648
-74.51158776383062,192.168.4.7,43648
-74.16930627615534,192.168.4.11,43664
-74.43336753836869,192.168.4.7,43664
-74.20515406776416,192.168.4.11,43696
-74.2810525453766,192.168.4.11,43712
-74.32644322652989,192.168.4.7,43712
-74.22285208091245,192.168.4.7,43728
-74.35237320812696,192.168.4.11,43728
-74.29725182142056,192.168.4.11,43760
-74.24525136319235,192.168.4.11,43776
-74.0290675135449,192.168.4.7,43792
-74.1566453895827,192.168.4.11,43792
-74.40184155832559,192.168.4.7,43808
-74.29591119094044,192.168.4.7,43824
-74.15055343728488,192.168.4.11,43840
-74.22442027118491,192.168.4.7,43856
-74.25985793342113,192.168.4.11,43856
-74.17427853920191,192.168.4.11,43872
-74.06174409397468,192.168.4.7,43872
-73.93527364149145,192.168.4.7,43904
-73.81274357024736,192.168.4.7,43920
-74.20517296461954,192.168.4.11,43936
-73.9742527601778,192.168.4.7,43936
-73.88164877632306,192.168.4.7,43952
-74.2715706955833,192.168.4.11,43952
-73.79192953481684,192.168.4.7,43968
-73.64273663212363,192.168.4.7,43984
-73.49819085791047,192.168.4.7,44000
-73.35814726883767,192.168.4.7,44032
-73.22246545974456,192.168.4.7,44048
-74.29823357007278,192.168.4.11,44048
-73.09100941998484,192.168.4.7,44064
-74.32366592434532,192.168.4.11,44112
-73.0881760986986,192.168.4.7,44112
-74.3479486321315,192.168.4.11,44128
-73.0854310143058,192.168.4.7,44128
-73.02050835851341,192.168.4.7,44192
-72.92647620392981,192.168.4.7,44208
-73.14668178004152,192.168.4.7,44224
-73.0175926762813,192.168.4.7,44240
-74.37115515873245,192.168.4.11,44240
-72.86139272815109,192.168.4.7,44256
-74.42865086786324,192.168.4.11,44272
-72.80344714885231,192.168.4.7,44272
-72.77843582850281,192.168.4.7,44288
-74.62379867883017,192.168.4.11,44304
-72.7542032675604,192.168.4.7,44304
-74.74120343899597,192.168.4.11,44320
-72.69959558117675,192.168.4.7,44320
-74.88829641855338,192.168.4.11,44336
-72.67781755855785,192.168.4.7,44352
-74.92644894738169,192.168.4.11,44352
-72.65671758655539,192.168.4.7,44368
-75.03130037884691,192.168.4.11,44368
-75.13200736239014,192.168.4.11,44384
-72.6051454212186,192.168.4.7,44384
-72.55517888763053,192.168.4.7,44400
-75.19504178809265,192.168.4.11,44400
-75.18849270841777,192.168.4.11,44416
-72.44451029829308,192.168.4.7,44416
-75.1821928744836,192.168.4.11,44432
-72.36841584807229,192.168.4.7,44432
-75.17613009570498,192.168.4.11,44448
-72.23243323155206,192.168.4.7,44448
-72.19406946581299,192.168.4.7,44464
-75.17029301213876,192.168.4.11,44464
-72.12577166621882,192.168.4.7,44496
-75.19768466002384,192.168.4.11,44496
-75.12539233023358,192.168.4.11,44512
-72.09072834561432,192.168.4.7,44528
-75.18684867598826,192.168.4.11,44528
-75.21342209168458,192.168.4.11,44544
-72.02564779319111,192.168.4.7,44544
-75.23905052418314,192.168.4.11,44560
-71.96259325859107,192.168.4.7,44560
-75.26377458740671,192.168.4.11,44640
-75.32003830337425,192.168.4.11,44656
-75.34201867415526,192.168.4.11,44672
-75.33098819610463,192.168.4.11,44704
-75.32033665049083,192.168.4.11,44720
-75.34216432479853,192.168.4.11,44752
-75.36325055060563,192.168.4.11,44768
-75.35162786399583,192.168.4.11,44784
-75.34039604188068,192.168.4.11,44800
-75.32954021120439,192.168.4.11,44816
-75.19166882403408,192.168.4.11,44832
-75.21737367574428,192.168.4.11,44848
-75.21047027158453,192.168.4.11,44864
-75.20379432916799,192.168.4.11,44880
-75.22902015027545,192.168.4.11,44896
-75.28506847509748,192.168.4.11,44912
-75.30767174651655,192.168.4.11,44960
-75.29795369047835,192.168.4.11,44976
-75.22543609110714,192.168.4.11,45008
-75.249858789346,192.168.4.11,45024
