node,millis,rssi
192.168.4.3,44672,-73
192.168.4.6,44672,-86
192.168.4.2,44672,-75
192.168.4.3,44752,-75
192.168.4.6,44752,-85
192.168.4.2,44752,-76
192.168.4.3,44784,-75
192.168.4.6,44784,-86
192.168.4.2,44784,-75
192.168.4.3,44800,-75
192.168.4.6,44800,-84
192.168.4.2,44800,-76
192.168.4.3,44848,-75
192.168.4.6,44848,-84
192.168.4.2,44848,-75
192.168.4.3,44864,-74
192.168.4.6,44864,-83
192.168.4.2,44864,-75
192.168.4.6,44896,-86
192.168.4.2,44896,-75
192.168.4.3,44912,-74
192.168.4.6,44912,-83
192.168.4.2,44912,-74
192.168.4.3,44944,-73
192.168.4.6,44944,-84
192.168.4.2,44944,-76
192.168.4.3,44960,-73
192.168.4.6,44960,-84
192.168.4.2,44960,-75
192.168.4.3,44976,-74
192.168.4.6,44976,-84
192.168.4.2,44976,-74
192.168.4.3,45008,-74
192.168.4.6,45008,-84
192.168.4.2,45008,-74
192.168.4.3,45024,-73
192.168.4.6,45024,-83
192.168.4.2,45024,-74
192.168.4.3,45040,-73
192.168.4.6,45040,-81
192.168.4.2,45040,-74
192.168.4.3,45072,-73
192.168.4.6,45072,-81
192.168.4.2,45072,-74
192.168.4.3,45088,-73
192.168.4.6,45088,-83
192.168.4.2,45088,-74
192.168.4.3,45120,-72
192.168.4.6,45120,-82
192.168.4.2,45120,-73
192.168.4.3,45136,-74
192.168.4.6,45136,-83
192.168.4.2,45136,-73
192.168.4.3,45168,-73
192.168.4.6,45168,-82
192.168.4.2,45168,-72
192.168.4.3,45216,-73
192.168.4.6,45216,-83
192.168.4.2,45216,-73
192.168.4.3,45232,-72
192.168.4.6,45232,-83
192.168.4.2,45232,-73
192.168.4.6,45248,-83
192.168.4.2,45248,-73
192.168.4.3,45264,-72
192.168.4.6,45264,-82
192.168.4.2,45264,-73
192.168.4.3,45280,-73
192.168.4.6,45280,-82
192.168.4.2,45280,-73
192.168.4.3,45296,-74
192.168.4.6,45296,-82
192.168.4.2,45296,-73
192.168.4.3,45312,-72
192.168.4.6,45312,-81
192.168.4.2,45312,-73
192.168.4.3,45328,-73
192.168.4.6,45328,-81
192.168.4.2,45328,-72
192.168.4.3,45344,-74
192.168.4.6,45344,-82
192.168.4.2,45344,-73
192.168.4.3,45376,-72
192.168.4.6,45376,-81
192.168.4.2,45376,-74
192.168.4.3,45392,-71
192.168.4.6,45392,-83
192.168.4.2,45392,-72
192.168.4.3,45424,-72
192.168.4.6,45424,-84
192.168.4.2,45424,-72
192.168.4.3,45440,-74
192.168.4.6,45440,-81
192.168.4.2,45440,-72
192.168.4.3,45472,-72
192.168.4.6,45472,-82
192.168.4.2,45472,-73
192.168.4.3,45488,-71
192.168.4.6,45488,-83
192.168.4.2,45488,-74
192.168.4.3,45520,-74
192.168.4.6,45520,-83
192.168.4.2,45520,-73
192.168.4.3,45536,-73
192.168.4.6,45536,-82
192.168.4.2,45536,-75
192.168.4.3,45552,-73
192.168.4.6,45552,-82
192.168.4.2,45552,-73
192.168.4.3,45568,-73
192.168.4.6,45568,-81
192.168.4.2,45568,-74
192.168.4.3,45600,-72
192.168.4.6,45600,-82
192.168.4.2,45600,-72
192.168.4.3,45616,-73
192.168.4.6,45616,-82
192.168.4.2,45616,-74
192.168.4.3,45632,-73
192.168.4.6,45632,-82
192.168.4.2,45632,-74
192.168.4.3,45648,-73
192.168.4.6,45648,-84
192.168.4.2,45648,-73
192.168.4.3,45680,-73
192.168.4.6,45680,-82
192.168.4.2,45680,-73
192.168.4.3,45696,-73
192.168.4.6,45696,-83
192.168.4.2,45696,-74
192.168.4.3,45744,-75
192.168.4.6,45744,-83
192.168.4.2,45744,-73
192.168.4.3,45760,-73
192.168.4.6,45760,-85
192.168.4.2,45760,-73
192.168.4.6,45840,-82
192.168.4.2,45840,-75
192.168.4.6,45888,-83
192.168.4.2,45888,-73
192.168.4.3,45968,-75
192.168.4.6,45968,-87
192.168.4.3,46032,-75
192.168.4.6,46032,-86
192.168.4.2,46032,-74
192.168.4.6,46048,-86
192.168.4.2,46048,-74
192.168.4.3,46064,-75
192.168.4.6,46064,-86
192.168.4.2,46064,-74
192.168.4.3,46080,-74
192.168.4.6,46080,-84
192.168.4.3,46096,-74
192.168.4.6,46096,-85
192.168.4.2,46096,-75
192.168.4.3,46128,-75
192.168.4.6,46128,-86
192.168.4.2,46128,-73
192.168.4.3,46144,-74
192.168.4.6,46144,-85
192.168.4.2,46144,-75
192.168.4.3,46176,-75
192.168.4.6,46176,-84
192.168.4.2,46176,-73
192.168.4.3,46192,-74
192.168.4.6,46192,-84
192.168.4.3,46288,-76
192.168.4.6,46288,-85
192.168.4.2,46288,-74
192.168.4.3,46336,-74
192.168.4.6,46336,-86
192.168.4.2,46336,-75
192.168.4.3,46352,-75
192.168.4.6,46352,-87
192.168.4.2,46352,-75
192.168.4.3,46416,-76
192.168.4.6,46416,-86
192.168.4.2,46416,-75
192.168.4.3,46432,-74
192.168.4.6,46432,-84
192.168.4.2,46432,-74
192.168.4.3,46464,-74
192.168.4.6,46464,-84
192.168.4.2,46464,-74
192.168.4.3,46512,-75
192.168.4.6,46512,-86
192.168.4.2,46512,-75
192.168.4.3,46560,-74
192.168.4.6,46560,-84
192.168.4.2,46560,-73
192.168.4.3,46576,-74
192.168.4.6,46576,-85
192.168.4.2,46576,-76
192.168.4.3,46592,-74
192.168.4.6,46592,-87
192.168.4.2,46592,-74
192.168.4.3,46656,-74
192.168.4.6,46656,-85
192.168.4.2,46656,-75
192.168.4.3,46672,-74
192.168.4.6,46672,-84
192.168.4.2,46672,-73
192.168.4.3,46688,-75
192.168.4.6,46688,-87
192.168.4.2,46688,-76
192.168.4.3,46704,-74
192.168.4.6,46704,-86
192.168.4.2,46704,-76
192.168.4.3,46720,-75
192.168.4.6,46720,-88
192.168.4.2,46720,-74
192.168.4.3,46752,-73
192.168.4.2,46752,-75
192.168.4.3,46768,-75
192.168.4.6,46768,-85
192.168.4.2,46768,-73
192.168.4.3,46816,-81
192.168.4.6,46816,-85
192.168.4.3,46848,-85
192.168.4.6,46848,-83
192.168.4.2,46848,-76
192.168.4.3,46864,-84
192.168.4.6,46864,-90
192.168.4.3,46912,-89
192.168.4.2,46912,-72
192.168.4.3,46944,-89
192.168.4.2,46944,-74
192.168.4.6,46960,-93
192.168.4.2,46960,-70
192.168.4.3,46976,-80
192.168.4.6,46976,-97
192.168.4.2,46976,-73
192.168.4.6,46992,-91
192.168.4.2,46992,-74
192.168.4.3,47008,-82
192.168.4.6,47008,-90
192.168.4.2,47008,-69
192.168.4.3,47024,-79
192.168.4.6,47024,-88
192.168.4.2,47024,-69
192.168.4.3,47056,-81
192.168.4.2,47056,-71
192.168.4.3,47072,-76
192.168.4.2,47072,-71
192.168.4.3,47104,-79
192.168.4.6,47104,-93
192.168.4.2,47104,-66
192.168.4.3,47120,-83
192.168.4.6,47120,-90
192.168.4.2,47120,-67
192.168.4.3,47168,-79
192.168.4.6,47168,-92
192.168.4.2,47168,-67
192.168.4.3,47216,-77
192.168.4.2,47216,-63
192.168.4.3,47232,-74
192.168.4.3,47248,-79
192.168.4.6,47248,-93
192.168.4.2,47248,-68
192.168.4.3,47264,-87
192.168.4.6,47264,-92
192.168.4.2,47264,-65
192.168.4.3,47280,-82
192.168.4.6,47280,-94
192.168.4.2,47280,-69
192.168.4.3,47296,-78
192.168.4.6,47296,-89
192.168.4.2,47296,-64
192.168.4.3,47312,-78
192.168.4.6,47312,-89
192.168.4.2,47312,-67
192.168.4.3,47360,-84
192.168.4.2,47360,-69
192.168.4.3,47376,-87
192.168.4.6,47376,-93
192.168.4.2,47376,-70
192.168.4.3,47392,-78
192.168.4.6,47392,-87
192.168.4.2,47392,-69
192.168.4.3,47408,-79
192.168.4.6,47408,-86
192.168.4.2,47408,-70
192.168.4.3,47424,-77
192.168.4.6,47424,-90
192.168.4.2,47424,-66
192.168.4.3,47440,-82
192.168.4.6,47440,-87
192.168.4.2,47440,-67
192.168.4.3,47456,-84
192.168.4.6,47456,-88
192.168.4.2,47456,-66
192.168.4.3,47472,-82
192.168.4.6,47472,-87
192.168.4.2,47472,-66
192.168.4.6,47488,-85
192.168.4.2,47488,-62
192.168.4.3,47536,-86
192.168.4.6,47536,-89
192.168.4.2,47536,-64
192.168.4.3,47552,-84
192.168.4.6,47552,-93
192.168.4.2,47552,-68
192.168.4.3,47568,-81
192.168.4.6,47568,-89
192.168.4.2,47568,-70
192.168.4.6,47584,-87
192.168.4.2,47584,-67
192.168.4.3,47600,-84
192.168.4.2,47600,-66
192.168.4.3,47616,-80
192.168.4.2,47616,-67
192.168.4.3,47632,-82
192.168.4.6,47632,-90
192.168.4.2,47632,-65
192.168.4.3,47648,-79
192.168.4.6,47648,-87
192.168.4.2,47648,-65
192.168.4.3,47680,-76
192.168.4.6,47680,-94
192.168.4.3,47696,-75
192.168.4.2,47696,-65
192.168.4.6,47712,-85
192.168.4.2,47712,-70
192.168.4.6,47728,-90
192.168.4.2,47728,-68
192.168.4.3,47744,-73
192.168.4.6,47744,-93
192.168.4.2,47744,-68
192.168.4.3,47776,-73
192.168.4.6,47776,-87
192.168.4.2,47776,-59
192.168.4.3,47792,-73
192.168.4.6,47792,-94
192.168.4.2,47792,-59
192.168.4.3,47808,-74
192.168.4.6,47808,-86
192.168.4.2,47808,-65
192.168.4.3,47824,-76
192.168.4.6,47824,-84
192.168.4.2,47824,-67
192.168.4.3,47840,-77
192.168.4.6,47840,-86
192.168.4.2,47840,-67
192.168.4.3,47856,-77
192.168.4.6,47856,-85
192.168.4.2,47856,-69
192.168.4.3,47888,-82
192.168.4.6,47888,-81
192.168.4.3,47904,-77
192.168.4.6,47904,-87
192.168.4.2,47904,-65
192.168.4.3,47936,-79
192.168.4.6,47936,-86
192.168.4.3,47952,-79
192.168.4.6,47952,-84
192.168.4.2,47952,-73
192.168.4.4,47952,-76
192.168.4.3,47984,-73
192.168.4.6,47984,-84
192.168.4.4,47984,-77
192.168.4.3,48000,-75
192.168.4.6,48000,-82
192.168.4.2,48000,-75
192.168.4.3,48048,-76
192.168.4.6,48048,-90
192.168.4.2,48048,-77
192.168.4.3,48064,-79
192.168.4.6,48064,-87
192.168.4.3,48080,-79
192.168.4.6,48080,-81
192.168.4.2,48080,-75
192.168.4.4,48080,-75
192.168.4.3,48112,-75
192.168.4.6,48112,-82
192.168.4.2,48112,-77
192.168.4.3,48128,-76
192.168.4.6,48128,-83
192.168.4.2,48128,-78
192.168.4.4,48128,-76
192.168.4.3,48160,-77
192.168.4.6,48160,-90
192.168.4.2,48160,-74
192.168.4.4,48160,-77
192.168.4.3,48176,-74
192.168.4.6,48176,-89
192.168.4.2,48176,-76
192.168.4.3,48208,-76
192.168.4.6,48208,-80
192.168.4.4,48208,-76
192.168.4.3,48224,-77
192.168.4.6,48224,-80
192.168.4.4,48224,-74
192.168.4.3,48256,-75
192.168.4.6,48256,-86
192.168.4.2,48256,-74
192.168.4.4,48256,-73
192.168.4.3,48272,-77
192.168.4.6,48272,-86
192.168.4.2,48272,-72
192.168.4.4,48272,-74
192.168.4.3,48288,-74
192.168.4.6,48288,-84
192.168.4.2,48288,-75
192.168.4.4,48288,-74
192.168.4.6,48304,-87
192.168.4.2,48304,-74
192.168.4.4,48304,-76
192.168.4.6,48320,-82
192.168.4.2,48320,-75
192.168.4.4,48320,-75
192.168.4.3,48336,-74
192.168.4.6,48336,-82
192.168.4.2,48336,-77
192.168.4.4,48336,-78
192.168.4.3,48352,-76
192.168.4.6,48352,-81
192.168.4.4,48352,-74
192.168.4.3,48368,-78
192.168.4.6,48368,-88
192.168.4.4,48368,-75
192.168.4.3,48384,-76
192.168.4.6,48384,-88
192.168.4.2,48384,-77
192.168.4.4,48384,-77
192.168.4.3,48400,-71
192.168.4.6,48400,-88
192.168.4.2,48400,-74
192.168.4.3,48416,-74
192.168.4.6,48416,-84
192.168.4.2,48416,-73
192.168.4.3,48448,-73
192.168.4.6,48448,-79
192.168.4.2,48448,-75
192.168.4.4,48448,-74
192.168.4.3,48464,-75
192.168.4.6,48464,-84
192.168.4.2,48464,-75
192.168.4.4,48464,-73
192.168.4.3,48480,-76
192.168.4.6,48480,-86
192.168.4.2,48480,-75
192.168.4.4,48480,-73
192.168.4.3,48496,-73
192.168.4.6,48496,-84
192.168.4.2,48496,-75
192.168.4.4,48496,-76
192.168.4.3,48512,-74
192.168.4.6,48512,-89
192.168.4.2,48512,-72
192.168.4.4,48512,-74
192.168.4.3,48528,-72
192.168.4.6,48528,-85
192.168.4.2,48528,-72
192.168.4.4,48528,-73
192.168.4.3,48544,-76
192.168.4.6,48544,-79
192.168.4.2,48544,-75
192.168.4.4,48544,-74
192.168.4.3,48560,-75
192.168.4.6,48560,-82
192.168.4.2,48560,-74
192.168.4.4,48560,-73
192.168.4.3,48576,-75
192.168.4.6,48576,-86
192.168.4.2,48576,-72
192.168.4.4,48576,-73
192.168.4.3,48592,-77
192.168.4.6,48592,-93
192.168.4.2,48592,-73
192.168.4.4,48592,-73
192.168.4.3,48608,-77
192.168.4.6,48608,-85
192.168.4.2,48608,-74
192.168.4.4,48608,-72
192.168.4.3,48624,-73
192.168.4.6,48624,-81
192.168.4.2,48624,-73
192.168.4.4,48624,-73
192.168.4.3,48640,-73
192.168.4.6,48640,-82
192.168.4.2,48640,-74
192.168.4.4,48640,-73
192.168.4.3,48656,-73
192.168.4.6,48656,-83
192.168.4.2,48656,-75
192.168.4.4,48656,-74
192.168.4.3,48672,-70
192.168.4.6,48672,-81
192.168.4.2,48672,-74
192.168.4.4,48672,-73
192.168.4.3,48688,-72
192.168.4.6,48688,-82
192.168.4.2,48688,-72
192.168.4.4,48688,-72
192.168.4.3,48704,-75
192.168.4.6,48704,-94
192.168.4.2,48704,-76
192.168.4.4,48704,-73
192.168.4.3,48720,-76
192.168.4.6,48720,-85
192.168.4.2,48720,-73
192.168.4.4,48720,-74
192.168.4.3,48752,-73
192.168.4.6,48752,-80
192.168.4.2,48752,-74
192.168.4.4,48752,-73
192.168.4.3,48768,-73
192.168.4.6,48768,-81
192.168.4.2,48768,-74
192.168.4.4,48768,-74
192.168.4.3,48784,-75
192.168.4.6,48784,-81
192.168.4.2,48784,-74
192.168.4.4,48784,-74
192.168.4.3,48800,-73
192.168.4.6,48800,-81
192.168.4.2,48800,-72
192.168.4.4,48800,-74
192.168.4.3,48816,-74
192.168.4.6,48816,-87
192.168.4.2,48816,-73
192.168.4.4,48816,-72
192.168.4.3,48832,-74
192.168.4.6,48832,-85
192.168.4.2,48832,-73
192.168.4.4,48832,-73
192.168.4.3,48848,-73
192.168.4.6,48848,-89
192.168.4.2,48848,-73
192.168.4.4,48848,-72
192.168.4.3,48864,-72
192.168.4.6,48864,-81
192.168.4.2,48864,-74
192.168.4.4,48864,-72
192.168.4.3,48880,-72
192.168.4.6,48880,-80
192.168.4.2,48880,-75
192.168.4.4,48880,-73
192.168.4.3,48912,-70
192.168.4.6,48912,-84
192.168.4.2,48912,-74
192.168.4.4,48912,-69
192.168.4.3,48928,-75
192.168.4.6,48928,-88
192.168.4.2,48928,-75
192.168.4.4,48928,-73
192.168.4.6,48944,-82
192.168.4.2,48944,-76
192.168.4.4,48944,-73
192.168.4.3,48960,-71
192.168.4.6,48960,-87
192.168.4.2,48960,-75
192.168.4.4,48960,-72
192.168.4.3,48976,-73
192.168.4.6,48976,-85
192.168.4.2,48976,-76
192.168.4.4,48976,-71
192.168.4.3,49008,-71
192.168.4.6,49008,-81
192.168.4.2,49008,-76
192.168.4.4,49008,-73
192.168.4.3,49024,-72
192.168.4.6,49024,-90
192.168.4.2,49024,-75
192.168.4.4,49024,-70
192.168.4.3,49040,-71
192.168.4.6,49040,-82
192.168.4.2,49040,-74
192.168.4.4,49040,-72
192.168.4.3,49056,-72
192.168.4.6,49056,-84
192.168.4.2,49056,-75
192.168.4.3,49072,-72
192.168.4.6,49072,-83
192.168.4.2,49072,-73
192.168.4.4,49072,-71
192.168.4.3,49088,-71
192.168.4.6,49088,-87
192.168.4.2,49088,-74
192.168.4.4,49088,-72
192.168.4.3,49104,-73
192.168.4.6,49104,-83
192.168.4.2,49104,-75
192.168.4.4,49104,-72
192.168.4.3,49120,-74
192.168.4.6,49120,-84
192.168.4.2,49120,-75
192.168.4.4,49120,-71
192.168.4.3,49136,-73
192.168.4.6,49136,-87
192.168.4.2,49136,-76
192.168.4.4,49136,-74
192.168.4.3,49152,-75
192.168.4.6,49152,-82
192.168.4.2,49152,-75
192.168.4.4,49152,-73
192.168.4.3,49168,-73
192.168.4.6,49168,-86
192.168.4.4,49168,-73
192.168.4.3,49184,-72
192.168.4.6,49184,-82
192.168.4.2,49184,-76
192.168.4.4,49184,-71
192.168.4.3,49200,-72
192.168.4.6,49200,-88
192.168.4.2,49200,-75
192.168.4.4,49200,-68
192.168.4.3,49216,-71
192.168.4.6,49216,-81
192.168.4.4,49216,-74
192.168.4.3,49232,-71
192.168.4.6,49232,-82
192.168.4.4,49232,-71
192.168.4.3,49264,-71
192.168.4.6,49264,-83
192.168.4.2,49264,-76
192.168.4.4,49264,-71
192.168.4.3,49280,-73
192.168.4.6,49280,-83
192.168.4.2,49280,-75
192.168.4.4,49280,-74
192.168.4.3,49296,-74
192.168.4.6,49296,-84
192.168.4.2,49296,-73
192.168.4.4,49296,-70
192.168.4.3,49312,-73
192.168.4.6,49312,-81
192.168.4.2,49312,-73
192.168.4.4,49312,-69
192.168.4.3,49328,-74
192.168.4.6,49328,-82
192.168.4.2,49328,-74
192.168.4.4,49328,-71
192.168.4.3,49360,-72
192.168.4.6,49360,-86
192.168.4.2,49360,-76
192.168.4.4,49360,-70
192.168.4.3,49376,-75
192.168.4.6,49376,-83
192.168.4.2,49376,-76
192.168.4.4,49376,-71
192.168.4.3,49392,-73
192.168.4.6,49392,-80
192.168.4.2,49392,-75
192.168.4.4,49392,-70
192.168.4.3,49408,-72
192.168.4.6,49408,-87
192.168.4.2,49408,-76
192.168.4.4,49408,-71
192.168.4.3,49424,-74
192.168.4.6,49424,-87
192.168.4.2,49424,-75
192.168.4.4,49424,-71
192.168.4.3,49456,-74
192.168.4.6,49456,-83
192.168.4.2,49456,-75
192.168.4.4,49456,-67
192.168.4.3,49488,-74
192.168.4.6,49488,-85
192.168.4.2,49488,-77
192.168.4.4,49488,-69
192.168.4.3,49504,-74
192.168.4.6,49504,-87
192.168.4.2,49504,-79
192.168.4.4,49504,-69
192.168.4.3,49520,-75
192.168.4.6,49520,-84
192.168.4.2,49520,-77
192.168.4.4,49520,-68
192.168.4.3,49536,-75
192.168.4.6,49536,-80
192.168.4.2,49536,-75
192.168.4.4,49536,-66
192.168.4.3,49552,-74
192.168.4.6,49552,-85
192.168.4.2,49552,-75
192.168.4.4,49552,-69
192.168.4.3,49568,-73
192.168.4.6,49568,-88
192.168.4.2,49568,-77
192.168.4.4,49568,-68
192.168.4.3,49584,-75
192.168.4.6,49584,-86
192.168.4.2,49584,-76
192.168.4.4,49584,-66
192.168.4.3,49648,-74
192.168.4.6,49648,-88
192.168.4.2,49648,-77
192.168.4.4,49648,-65
192.168.4.3,49664,-73
192.168.4.6,49664,-84
192.168.4.2,49664,-77
192.168.4.4,49664,-64
192.168.4.3,49680,-73
192.168.4.6,49680,-83
192.168.4.2,49680,-76
192.168.4.4,49680,-60
192.168.4.3,49696,-73
192.168.4.6,49696,-85
192.168.4.2,49696,-77
192.168.4.4,49696,-66
192.168.4.6,49712,-95
192.168.4.4,49712,-67
192.168.4.6,49744,-82
192.168.4.2,49744,-77
192.168.4.4,49744,-64
192.168.4.3,49760,-73
192.168.4.6,49760,-83
192.168.4.2,49760,-79
192.168.4.4,49760,-67
192.168.4.3,49776,-73
192.168.4.6,49776,-85
192.168.4.4,49776,-66
192.168.4.3,49792,-74
192.168.4.6,49792,-82
192.168.4.2,49792,-77
192.168.4.4,49792,-65
192.168.4.3,49808,-75
192.168.4.6,49808,-82
192.168.4.4,49808,-63
192.168.4.3,49824,-75
192.168.4.6,49824,-88
192.168.4.4,49824,-63
192.168.4.3,49856,-75
192.168.4.6,49856,-85
192.168.4.4,49856,-58
192.168.4.3,49872,-75
192.168.4.6,49872,-83
192.168.4.4,49872,-58
192.168.4.3,49888,-75
192.168.4.4,49888,-59
192.168.4.3,49904,-74
192.168.4.6,49904,-87
192.168.4.4,49904,-59
192.168.4.3,49920,-73
192.168.4.6,49920,-85
192.168.4.4,49920,-57
192.168.4.3,49936,-74
192.168.4.6,49936,-88
192.168.4.4,49936,-59
192.168.4.3,49952,-72
192.168.4.6,49952,-91
192.168.4.4,49952,-55
192.168.4.3,49968,-74
192.168.4.6,49968,-87
192.168.4.4,49968,-54
192.168.4.3,49984,-74
192.168.4.6,49984,-83
192.168.4.4,49984,-56
192.168.4.3,50000,-76
192.168.4.6,50000,-87
192.168.4.4,50000,-56
192.168.4.3,50016,-74
192.168.4.6,50016,-83
192.168.4.4,50016,-51
192.168.4.3,50032,-73
192.168.4.6,50032,-82
192.168.4.4,50032,-53
192.168.4.3,50048,-76
192.168.4.6,50048,-88
192.168.4.4,50048,-50
192.168.4.3,50064,-74
192.168.4.6,50064,-82
192.168.4.4,50064,-56
192.168.4.3,50080,-73
192.168.4.6,50080,-84
192.168.4.4,50080,-50
192.168.4.3,50096,-75
192.168.4.6,50096,-83
192.168.4.4,50096,-51
192.168.4.3,50112,-73
192.168.4.6,50112,-82
192.168.4.4,50112,-51
192.168.4.3,50128,-74
192.168.4.6,50128,-83
192.168.4.4,50128,-52
192.168.4.3,50144,-74
192.168.4.6,50144,-82
192.168.4.4,50144,-52
192.168.4.3,50160,-74
192.168.4.6,50160,-85
192.168.4.4,50160,-51
192.168.4.3,50176,-74
192.168.4.6,50176,-86
192.168.4.4,50176,-54
192.168.4.6,50192,-87
192.168.4.4,50192,-59
192.168.4.3,50208,-74
192.168.4.6,50208,-87
192.168.4.4,50208,-61
192.168.4.3,50224,-75
192.168.4.6,50224,-84
192.168.4.4,50224,-68
192.168.4.3,50240,-74
192.168.4.6,50240,-83
192.168.4.4,50240,-60
192.168.4.3,50256,-74
192.168.4.6,50256,-83
192.168.4.4,50256,-64
192.168.4.6,50272,-81
192.168.4.4,50272,-61
192.168.4.3,50304,-73
192.168.4.6,50304,-83
192.168.4.4,50304,-67
192.168.4.3,50320,-74
192.168.4.6,50320,-81
192.168.4.4,50320,-65
192.168.4.3,50336,-72
192.168.4.6,50336,-84
192.168.4.4,50336,-60
192.168.4.3,50352,-74
192.168.4.6,50352,-86
192.168.4.4,50352,-65
192.168.4.3,50368,-76
192.168.4.6,50368,-85
192.168.4.4,50368,-67
192.168.4.3,50400,-75
192.168.4.6,50400,-84
192.168.4.4,50400,-62
192.168.4.3,50416,-73
192.168.4.6,50416,-87
192.168.4.4,50416,-67
192.168.4.3,50432,-71
192.168.4.6,50432,-84
192.168.4.4,50432,-67
192.168.4.3,50448,-73
192.168.4.6,50448,-81
192.168.4.4,50448,-68
192.168.4.6,50464,-88
192.168.4.4,50464,-72
192.168.4.3,50480,-77
192.168.4.6,50480,-85
192.168.4.4,50480,-77
192.168.4.3,50496,-76
192.168.4.6,50496,-84
192.168.4.4,50496,-74
192.168.4.3,50512,-75
192.168.4.6,50512,-85
192.168.4.4,50512,-69
192.168.4.3,50528,-74
192.168.4.6,50528,-83
192.168.4.4,50528,-67
192.168.4.3,50544,-74
192.168.4.6,50544,-81
192.168.4.4,50544,-67
192.168.4.3,50560,-74
192.168.4.6,50560,-80
192.168.4.4,50560,-66
192.168.4.3,50576,-77
192.168.4.6,50576,-80
192.168.4.4,50576,-68
192.168.4.3,50592,-76
192.168.4.6,50592,-85
192.168.4.4,50592,-70
192.168.4.3,50608,-76
192.168.4.6,50608,-86
192.168.4.4,50608,-72
192.168.4.3,50624,-74
192.168.4.6,50624,-85
192.168.4.4,50624,-69
192.168.4.3,50640,-74
192.168.4.6,50640,-82
192.168.4.4,50640,-68
192.168.4.3,50656,-73
192.168.4.6,50656,-81
192.168.4.4,50656,-65
192.168.4.3,50672,-74
192.168.4.6,50672,-83
192.168.4.4,50672,-65
192.168.4.3,50688,-73
192.168.4.6,50688,-83
192.168.4.4,50688,-68
192.168.4.3,50704,-75
192.168.4.6,50704,-82
192.168.4.4,50704,-72
192.168.4.3,50720,-76
192.168.4.6,50720,-82
192.168.4.4,50720,-70
192.168.4.3,50736,-76
192.168.4.6,50736,-82
192.168.4.4,50736,-70
192.168.4.3,50752,-76
192.168.4.6,50752,-81
192.168.4.4,50752,-70
192.168.4.3,50768,-74
192.168.4.4,50768,-70
192.168.4.3,50784,-74
192.168.4.4,50784,-72
192.168.4.3,50800,-75
192.168.4.4,50800,-75
192.168.4.3,50816,-77
192.168.4.3,50832,-75
192.168.4.3,50864,-74
192.168.4.3,50880,-74
192.168.4.4,50880,-74
192.168.4.3,50896,-74
192.168.4.4,50896,-73
192.168.4.3,50912,-74
192.168.4.4,50912,-74
192.168.4.3,50928,-76
192.168.4.3,50960,-76
192.168.4.4,50960,-78
192.168.4.3,50976,-74
192.168.4.4,50976,-77
192.168.4.3,50992,-75
192.168.4.3,51008,-75
192.168.4.4,51008,-74
192.168.4.3,51024,-73
192.168.4.4,51024,-75
192.168.4.3,51040,-76
192.168.4.3,51056,-75
192.168.4.3,51072,-76
192.168.4.3,51104,-74
192.168.4.4,51104,-78
192.168.4.3,51120,-74
192.168.4.4,51120,-77
192.168.4.3,51136,-76
192.168.4.4,51136,-76
192.168.4.3,51152,-77
192.168.4.4,51152,-75
192.168.4.3,51184,-77
192.168.4.3,51200,-76
192.168.4.3,51216,-75
192.168.4.4,51216,-74
192.168.4.3,51232,-76
192.168.4.4,51232,-75
192.168.4.3,51248,-76
192.168.4.4,51248,-74
192.168.4.3,51264,-76
192.168.4.4,51264,-73
192.168.4.3,51280,-76
192.168.4.4,51280,-72
192.168.4.3,51296,-77
192.168.4.6,51296,-87
192.168.4.4,51296,-72
192.168.4.3,51312,-78
192.168.4.6,51312,-93
192.168.4.4,51312,-72
192.168.4.3,51328,-81
192.168.4.4,51328,-73
192.168.4.3,51344,-78
192.168.4.4,51344,-72
192.168.4.3,51360,-79
192.168.4.6,51360,-89
192.168.4.4,51360,-73
192.168.4.3,51376,-76
192.168.4.6,51376,-93
192.168.4.4,51376,-72
192.168.4.3,51392,-77
192.168.4.6,51392,-88
192.168.4.4,51392,-72
192.168.4.3,51424,-77
192.168.4.6,51424,-87
192.168.4.4,51424,-73
192.168.4.3,51440,-77
192.168.4.6,51440,-87
192.168.4.4,51440,-73
192.168.4.3,51456,-77
192.168.4.4,51456,-74
192.168.4.3,51488,-78
192.168.4.6,51488,-88
192.168.4.4,51488,-74
192.168.4.3,51504,-78
192.168.4.6,51504,-86
192.168.4.4,51504,-74
192.168.4.3,51536,-82
192.168.4.6,51536,-87
192.168.4.4,51536,-73
192.168.4.3,51552,-89
192.168.4.6,51552,-87
192.168.4.4,51552,-74
192.168.4.3,51568,-90
192.168.4.6,51568,-89
192.168.4.4,51568,-73
192.168.4.3,51584,-81
192.168.4.6,51584,-89
192.168.4.4,51584,-74
192.168.4.3,51600,-80
192.168.4.6,51600,-87
192.168.4.4,51600,-75
192.168.4.3,51632,-80
192.168.4.6,51632,-96
192.168.4.4,51632,-74
192.168.4.3,51648,-81
192.168.4.6,51648,-89
192.168.4.4,51648,-74
192.168.4.3,51664,-80
192.168.4.6,51664,-88
192.168.4.4,51664,-74
192.168.4.3,51680,-79
192.168.4.6,51680,-91
192.168.4.4,51680,-73
192.168.4.3,51696,-80
192.168.4.6,51696,-87
192.168.4.4,51696,-72
192.168.4.3,51712,-79
192.168.4.6,51712,-85
192.168.4.4,51712,-73
192.168.4.3,51728,-77
192.168.4.6,51728,-90
192.168.4.4,51728,-73
192.168.4.3,51744,-78
192.168.4.6,51744,-94
192.168.4.4,51744,-72
192.168.4.3,51776,-80
192.168.4.6,51776,-90
192.168.4.4,51776,-73
192.168.4.3,51792,-77
192.168.4.6,51792,-92
192.168.4.4,51792,-74
192.168.4.3,51808,-79
192.168.4.4,51808,-75
192.168.4.6,51824,-94
192.168.4.4,51824,-77
192.168.4.3,51856,-79
192.168.4.6,51856,-88
192.168.4.4,51856,-74
192.168.4.6,51872,-91
192.168.4.4,51872,-74
192.168.4.3,51888,-76
192.168.4.6,51888,-90
192.168.4.4,51888,-74
192.168.4.3,51904,-81
192.168.4.6,51904,-88
192.168.4.4,51904,-74
192.168.4.3,51920,-83
192.168.4.6,51920,-89
192.168.4.4,51920,-74
192.168.4.3,51936,-79
192.168.4.6,51936,-87
192.168.4.4,51936,-75
192.168.4.3,51952,-79
192.168.4.6,51952,-87
192.168.4.4,51952,-74
192.168.4.3,51968,-81
192.168.4.6,51968,-87
192.168.4.4,51968,-74
192.168.4.3,51984,-81
192.168.4.6,51984,-89
192.168.4.4,51984,-74
192.168.4.3,52000,-79
192.168.4.6,52000,-91
192.168.4.4,52000,-74
192.168.4.6,52016,-85
192.168.4.4,52016,-73
192.168.4.3,52048,-79
192.168.4.6,52048,-87
192.168.4.4,52048,-75
192.168.4.3,52064,-80
192.168.4.6,52064,-89
192.168.4.4,52064,-75
192.168.4.3,52080,-81
192.168.4.6,52080,-87
192.168.4.4,52080,-74
192.168.4.3,52112,-80
192.168.4.6,52112,-90
192.168.4.6,52128,-88
192.168.4.4,52128,-74
192.168.4.3,52144,-81
192.168.4.6,52144,-89
192.168.4.4,52144,-77
192.168.4.3,52160,-92
192.168.4.3,52176,-94
192.168.4.3,52208,-89
192.168.4.6,52208,-92
192.168.4.3,52224,-83
192.168.4.3,52256,-87
192.168.4.6,52256,-90
192.168.4.3,52272,-87
192.168.4.6,52272,-91
192.168.4.3,52288,-81
192.168.4.6,52288,-93
192.168.4.3,52304,-80
192.168.4.6,52304,-85
192.168.4.3,52320,-85
192.168.4.6,52320,-83
192.168.4.3,52336,-83
192.168.4.6,52336,-85
192.168.4.3,52352,-85
192.168.4.6,52352,-84
192.168.4.3,52368,-84
192.168.4.6,52368,-84
192.168.4.3,52400,-91
192.168.4.6,52400,-90
192.168.4.3,52432,-90
192.168.4.6,52432,-88
192.168.4.6,52448,-85
192.168.4.3,52464,-96
192.168.4.6,52464,-83
192.168.4.6,52496,-85
192.168.4.3,52528,-92
192.168.4.6,52528,-87
192.168.4.3,52544,-86
192.168.4.6,52544,-92
192.168.4.3,52560,-85
192.168.4.6,52560,-82
192.168.4.6,52576,-87
192.168.4.3,52592,-89
192.168.4.6,52592,-85
192.168.4.6,52672,-87
192.168.4.3,52704,-84
192.168.4.6,52704,-84
192.168.4.3,52720,-87
192.168.4.6,52720,-87
192.168.4.3,52736,-86
192.168.4.6,52736,-95
192.168.4.3,52752,-84
192.168.4.6,52752,-93
192.168.4.3,52784,-85
192.168.4.6,52784,-82
192.168.4.3,52800,-84
192.168.4.6,52800,-86
192.168.4.6,52816,-85
192.168.4.3,52832,-87
192.168.4.6,52832,-88
192.168.4.3,52848,-86
192.168.4.6,52848,-86
192.168.4.3,52864,-85
192.168.4.6,52864,-86
192.168.4.6,52896,-87
192.168.4.3,52912,-81
192.168.4.6,52912,-83
192.168.4.3,52928,-85
192.168.4.6,52928,-85
192.168.4.3,52960,-87
192.168.4.6,52960,-86
192.168.4.3,52976,-91
192.168.4.6,52976,-82
192.168.4.6,53008,-88
192.168.4.3,53024,-85
192.168.4.6,53024,-86
192.168.4.3,53040,-90
192.168.4.6,53040,-83
192.168.4.3,53056,-86
192.168.4.6,53056,-85
192.168.4.3,53072,-85
192.168.4.6,53072,-83
192.168.4.3,53088,-84
192.168.4.6,53088,-85
192.168.4.3,53104,-88
192.168.4.6,53104,-83
192.168.4.3,53120,-84
192.168.4.6,53120,-83
192.168.4.3,53136,-81
192.168.4.6,53136,-84
192.168.4.3,53152,-82
192.168.4.6,53152,-83
192.168.4.3,53168,-82
192.168.4.6,53168,-83
192.168.4.3,53216,-91
192.168.4.6,53216,-88
192.168.4.3,53232,-92
192.168.4.6,53232,-83
192.168.4.6,53248,-84
192.168.4.6,53264,-80
192.168.4.6,53280,-82
192.168.4.3,53296,-90
192.168.4.6,53296,-82
192.168.4.6,53312,-82
192.168.4.3,53328,-98
192.168.4.6,53328,-80
192.168.4.6,53360,-82
192.168.4.3,53376,-90
192.168.4.6,53376,-82
192.168.4.3,53392,-89
192.168.4.6,53392,-80
192.168.4.6,53408,-79
192.168.4.3,53424,-90
192.168.4.6,53424,-84
192.168.4.3,53472,-91
192.168.4.6,53472,-86
192.168.4.3,53488,-90
192.168.4.6,53488,-81
192.168.4.3,53504,-90
192.168.4.6,53504,-79
192.168.4.3,53520,-86
192.168.4.6,53520,-79
192.168.4.6,53536,-79
192.168.4.6,53552,-80
192.168.4.3,53568,-88
192.168.4.6,53568,-81
192.168.4.3,53600,-87
192.168.4.6,53600,-86
192.168.4.3,53632,-87
192.168.4.6,53632,-82
192.168.4.3,53648,-87
192.168.4.6,53648,-82
192.168.4.3,53680,-89
192.168.4.6,53680,-83
192.168.4.6,53728,-81
192.168.4.3,53744,-90
192.168.4.6,53744,-85
192.168.4.3,53760,-89
192.168.4.6,53760,-82
192.168.4.3,53776,-89
192.168.4.6,53776,-79
192.168.4.6,53792,-78
192.168.4.3,53808,-89
192.168.4.6,53808,-80
192.168.4.3,53824,-88
192.168.4.6,53824,-83
192.168.4.3,53840,-87
192.168.4.6,53840,-80
192.168.4.3,53856,-90
192.168.4.6,53856,-81
192.168.4.3,53872,-87
192.168.4.6,53872,-80
192.168.4.3,53888,-88
192.168.4.6,53888,-79
192.168.4.3,53904,-90
192.168.4.6,53904,-80
192.168.4.3,53920,-89
192.168.4.6,53920,-79
192.168.4.3,53936,-87
192.168.4.6,53936,-85
192.168.4.3,53984,-87
192.168.4.6,53984,-85
192.168.4.3,54000,-89
192.168.4.6,54000,-80
192.168.4.3,54016,-85
192.168.4.6,54016,-80
192.168.4.6,54032,-80
192.168.4.3,54048,-90
192.168.4.6,54048,-78
192.168.4.3,54064,-87
192.168.4.6,54064,-79
192.168.4.3,54080,-89
192.168.4.6,54080,-85
192.168.4.3,54096,-90
192.168.4.6,54096,-85
192.168.4.3,54144,-88
192.168.4.6,54144,-79
192.168.4.3,54176,-87
192.168.4.6,54192,-78
192.168.4.3,54208,-89
192.168.4.6,54208,-79
192.168.4.3,54224,-90
192.168.4.6,54224,-77
192.168.4.3,54240,-89
192.168.4.6,54240,-78
192.168.4.3,54256,-90
192.168.4.6,54256,-78
192.168.4.3,54272,-92
192.168.4.6,54272,-78
192.168.4.3,54288,-90
192.168.4.6,54288,-86
192.168.4.3,54304,-92
192.168.4.6,54304,-81
192.168.4.6,54320,-75
192.168.4.3,54336,-91
192.168.4.6,54336,-76
192.168.4.3,54368,-93
192.168.4.6,54368,-72
192.168.4.6,54384,-71
192.168.4.3,54400,-91
192.168.4.6,54400,-72
192.168.4.3,54416,-91
192.168.4.6,54416,-74
192.168.4.3,54432,-89
192.168.4.6,54432,-71
192.168.4.3,54464,-88
192.168.4.6,54464,-72
192.168.4.3,54480,-90
192.168.4.6,54480,-70
192.168.4.3,54496,-93
192.168.4.6,54496,-69
192.168.4.3,54512,-91
192.168.4.6,54512,-69
192.168.4.3,54528,-91
192.168.4.6,54528,-68
192.168.4.3,54544,-91
192.168.4.6,54544,-66
192.168.4.3,54560,-92
192.168.4.6,54560,-66
192.168.4.3,54576,-93
192.168.4.6,54576,-67
192.168.4.6,54592,-67
192.168.4.6,54608,-67
192.168.4.3,54624,-96
192.168.4.6,54624,-65
192.168.4.3,54640,-95
192.168.4.6,54640,-67
192.168.4.3,54656,-93
192.168.4.6,54656,-71
192.168.4.3,54672,-91
192.168.4.6,54672,-74
192.168.4.6,54688,-70
192.168.4.6,54704,-72
192.168.4.6,54720,-77
192.168.4.6,54736,-66
192.168.4.6,54752,-63
192.168.4.6,54768,-65
192.168.4.6,54784,-66
192.168.4.3,54800,-91
192.168.4.6,54800,-64
192.168.4.3,54816,-95
192.168.4.6,54816,-63
192.168.4.6,54832,-64
192.168.4.6,54848,-59
192.168.4.3,54864,-89
192.168.4.6,54864,-59
192.168.4.6,54880,-75
192.168.4.3,54896,-91
192.168.4.6,54896,-65
192.168.4.6,54928,-73
192.168.4.3,54944,-90
192.168.4.6,54944,-65
192.168.4.6,54960,-58
192.168.4.6,54976,-55
192.168.4.3,54992,-84
192.168.4.6,54992,-50
192.168.4.3,55024,-85
192.168.4.6,55024,-54
192.168.4.3,55040,-88
192.168.4.6,55040,-54
192.168.4.3,55056,-87
192.168.4.6,55056,-58
192.168.4.3,55072,-88
192.168.4.6,55072,-58
192.168.4.3,55088,-89
192.168.4.6,55088,-62
192.168.4.3,55104,-87
192.168.4.6,55104,-70
192.168.4.3,55120,-91
192.168.4.6,55120,-63
192.168.4.3,55136,-87
192.168.4.6,55136,-61
192.168.4.6,55152,-59
192.168.4.3,55168,-88
192.168.4.6,55168,-62
192.168.4.3,55184,-91
192.168.4.6,55184,-64
192.168.4.3,55200,-86
192.168.4.6,55200,-65
192.168.4.3,55216,-84
192.168.4.6,55216,-68
192.168.4.3,55232,-84
192.168.4.6,55232,-72
192.168.4.3,55248,-86
192.168.4.6,55248,-71
192.168.4.3,55264,-88
192.168.4.6,55264,-69
192.168.4.3,55280,-87
192.168.4.6,55280,-66
192.168.4.3,55296,-85
192.168.4.6,55296,-66
192.168.4.3,55312,-90
192.168.4.6,55312,-69
192.168.4.3,55328,-85
192.168.4.6,55328,-78
192.168.4.3,55344,-86
192.168.4.6,55344,-84
192.168.4.3,55360,-86
192.168.4.6,55360,-79
192.168.4.3,55376,-87
192.168.4.6,55376,-77
192.168.4.3,55392,-86
192.168.4.6,55392,-74
192.168.4.3,55408,-85
192.168.4.6,55408,-70
192.168.4.3,55424,-83
192.168.4.6,55424,-72
192.168.4.3,55440,-85
192.168.4.6,55440,-75
192.168.4.3,55456,-85
192.168.4.6,55456,-82
192.168.4.3,55472,-86
192.168.4.6,55472,-74
192.168.4.3,55488,-81
192.168.4.6,55488,-69
192.168.4.3,55520,-87
192.168.4.6,55520,-69
192.168.4.3,55536,-82
192.168.4.6,55536,-70
192.168.4.3,55552,-80
192.168.4.6,55552,-72
192.168.4.3,55584,-81
192.168.4.6,55584,-72
192.168.4.3,55600,-79
192.168.4.6,55600,-75
192.168.4.3,55616,-80
192.168.4.6,55616,-74
192.168.4.6,55632,-72
192.168.4.6,55648,-74
192.168.4.3,55680,-80
192.168.4.6,55680,-75
192.168.4.3,55696,-81
192.168.4.6,55696,-73
192.168.4.2,55696,-78
192.168.4.3,55712,-80
192.168.4.6,55712,-76
192.168.4.3,55728,-87
192.168.4.6,55728,-74
192.168.4.6,55744,-72
192.168.4.3,55760,-91
192.168.4.6,55760,-76
192.168.4.3,55776,-90
192.168.4.6,55776,-74
192.168.4.3,55792,-86
192.168.4.6,55792,-75
192.168.4.6,55808,-76
192.168.4.3,55824,-81
192.168.4.6,55824,-77
192.168.4.3,55840,-80
192.168.4.6,55840,-75
192.168.4.2,55840,-79
192.168.4.3,55856,-78
192.168.4.6,55856,-76
192.168.4.4,55856,-77
192.168.4.3,55872,-82
192.168.4.6,55872,-74
192.168.4.3,55888,-84
192.168.4.6,55888,-75
192.168.4.6,55904,-78
192.168.4.2,55904,-78
192.168.4.3,55920,-82
192.168.4.6,55920,-76
192.168.4.3,55936,-84
192.168.4.6,55936,-80
192.168.4.3,55952,-81
192.168.4.6,55952,-76
192.168.4.3,55968,-83
192.168.4.6,55968,-73
192.168.4.4,55968,-79
192.168.4.3,55984,-81
192.168.4.3,56000,-80
192.168.4.4,56000,-75
192.168.4.3,56032,-77
192.168.4.4,56032,-75
192.168.4.3,56048,-80
192.168.4.4,56048,-75
192.168.4.3,56064,-81
192.168.4.2,56064,-79
192.168.4.3,56080,-80
192.168.4.4,56080,-76
192.168.4.3,56096,-78
192.168.4.4,56096,-73
192.168.4.3,56112,-78
192.168.4.4,56112,-74
192.168.4.3,56128,-77
192.168.4.3,56144,-80
192.168.4.3,56160,-77
192.168.4.4,56160,-75
192.168.4.3,56176,-77
192.168.4.4,56176,-76
192.168.4.3,56192,-77
192.168.4.4,56192,-73
192.168.4.3,56208,-85
192.168.4.4,56208,-75
192.168.4.3,56272,-81
192.168.4.4,56272,-75
192.168.4.3,56288,-77
192.168.4.2,56288,-79
192.168.4.4,56288,-73
192.168.4.3,56304,-81
192.168.4.4,56304,-75
192.168.4.4,56320,-74
192.168.4.3,56336,-79
192.168.4.2,56336,-76
192.168.4.4,56336,-73
192.168.4.4,56368,-77
192.168.4.4,56384,-77
192.168.4.4,56400,-73
192.168.4.3,56416,-82
192.168.4.4,56416,-71
192.168.4.3,56448,-80
192.168.4.2,56448,-77
192.168.4.4,56448,-71
192.168.4.4,56464,-72
192.168.4.3,56480,-79
192.168.4.4,56480,-70
192.168.4.3,56496,-82
192.168.4.4,56496,-73
192.168.4.3,56512,-82
192.168.4.4,56512,-72
192.168.4.4,56528,-73
192.168.4.3,56560,-83
192.168.4.4,56560,-77
192.168.4.3,56592,-77
192.168.4.4,56592,-75
192.168.4.3,56608,-75
192.168.4.4,56608,-72
192.168.4.3,56624,-83
192.168.4.4,56624,-77
192.168.4.3,56640,-81
192.168.4.2,56640,-78
192.168.4.3,56656,-78
192.168.4.4,56656,-78
192.168.4.3,56672,-78
192.168.4.2,56672,-79
192.168.4.4,56672,-76
192.168.4.3,56688,-80
192.168.4.2,56688,-76
192.168.4.4,56688,-72
192.168.4.3,56704,-78
192.168.4.2,56704,-79
192.168.4.4,56704,-70
192.168.4.3,56720,-77
192.168.4.2,56720,-78
192.168.4.4,56720,-71
192.168.4.3,56736,-82
192.168.4.2,56736,-77
192.168.4.4,56736,-70
192.168.4.3,56752,-82
192.168.4.2,56752,-79
192.168.4.4,56752,-70
192.168.4.3,56768,-77
192.168.4.4,56768,-71
192.168.4.3,56784,-77
192.168.4.4,56784,-71
192.168.4.3,56800,-81
192.168.4.2,56800,-78
192.168.4.3,56816,-82
192.168.4.2,56816,-78
192.168.4.4,56816,-71
192.168.4.3,56848,-80
192.168.4.2,56848,-76
192.168.4.4,56848,-70
192.168.4.3,56864,-78
192.168.4.2,56864,-80
192.168.4.4,56864,-62
192.168.4.3,56880,-77
192.168.4.4,56880,-65
192.168.4.3,56896,-75
192.168.4.4,56896,-72
192.168.4.3,56912,-78
192.168.4.4,56912,-63
192.168.4.3,56944,-74
192.168.4.2,56944,-78
192.168.4.4,56944,-73
192.168.4.3,56960,-77
192.168.4.2,56960,-77
192.168.4.4,56960,-72
192.168.4.3,56976,-74
192.168.4.2,56976,-77
192.168.4.4,56976,-64
192.168.4.3,56992,-73
192.168.4.4,56992,-61
192.168.4.3,57008,-74
192.168.4.4,57008,-57
192.168.4.3,57024,-78
192.168.4.2,57024,-77
192.168.4.4,57024,-56
192.168.4.2,57040,-78
192.168.4.4,57040,-52
192.168.4.3,57056,-76
192.168.4.2,57056,-78
192.168.4.4,57056,-54
192.168.4.3,57072,-73
192.168.4.4,57072,-51
192.168.4.6,57088,-84
192.168.4.4,57088,-58
192.168.4.3,57136,-75
192.168.4.6,57136,-89
192.168.4.2,57136,-77
192.168.4.4,57136,-56
192.168.4.3,57152,-74
192.168.4.6,57152,-85
192.168.4.2,57152,-77
192.168.4.4,57152,-53
192.168.4.3,57168,-74
192.168.4.6,57168,-87
192.168.4.2,57168,-75
192.168.4.4,57168,-54
192.168.4.3,57184,-73
192.168.4.6,57184,-86
192.168.4.2,57184,-77
192.168.4.4,57184,-55
192.168.4.6,57216,-85
192.168.4.4,57216,-57
192.168.4.3,57232,-75
192.168.4.6,57232,-85
192.168.4.2,57232,-76
192.168.4.4,57232,-55
192.168.4.3,57248,-80
192.168.4.6,57248,-86
192.168.4.2,57248,-78
192.168.4.4,57248,-57
192.168.4.3,57264,-79
192.168.4.6,57264,-89
192.168.4.4,57264,-63
192.168.4.3,57280,-79
192.168.4.6,57280,-87
192.168.4.4,57280,-72
192.168.4.3,57296,-76
192.168.4.6,57296,-89
192.168.4.2,57296,-76
192.168.4.4,57296,-64
192.168.4.3,57312,-83
192.168.4.6,57312,-86
192.168.4.2,57312,-78
192.168.4.4,57312,-58
192.168.4.3,57328,-74
192.168.4.2,57328,-75
192.168.4.4,57328,-58
192.168.4.3,57344,-75
192.168.4.6,57344,-87
192.168.4.2,57344,-75
192.168.4.4,57344,-62
192.168.4.3,57360,-79
192.168.4.6,57360,-84
192.168.4.2,57360,-79
192.168.4.4,57360,-59
192.168.4.3,57376,-75
192.168.4.6,57376,-89
192.168.4.4,57376,-67
192.168.4.3,57392,-79
192.168.4.6,57392,-87
192.168.4.4,57392,-70
192.168.4.3,57408,-78
192.168.4.6,57408,-88
192.168.4.2,57408,-77
192.168.4.4,57408,-67
192.168.4.3,57456,-76
192.168.4.6,57456,-86
192.168.4.2,57456,-78
192.168.4.4,57456,-58
192.168.4.3,57472,-77
192.168.4.6,57472,-87
192.168.4.4,57472,-60
192.168.4.3,57488,-75
192.168.4.6,57488,-85
192.168.4.4,57488,-61
192.168.4.3,57504,-77
192.168.4.6,57504,-88
192.168.4.4,57504,-66
192.168.4.3,57520,-77
192.168.4.6,57520,-88
192.168.4.4,57520,-69
192.168.4.3,57552,-76
192.168.4.6,57552,-88
192.168.4.4,57552,-69
192.168.4.3,57568,-77
192.168.4.6,57568,-88
192.168.4.2,57568,-78
192.168.4.4,57568,-68
192.168.4.3,57584,-77
192.168.4.6,57584,-86
192.168.4.2,57584,-77
192.168.4.4,57584,-67
192.168.4.3,57600,-73
192.168.4.6,57600,-86
192.168.4.4,57600,-66
192.168.4.3,57648,-75
192.168.4.6,57648,-89
192.168.4.4,57648,-72
192.168.4.3,57664,-75
192.168.4.6,57664,-87
192.168.4.4,57664,-71
192.168.4.3,57680,-78
192.168.4.6,57680,-87
192.168.4.4,57680,-68
192.168.4.3,57696,-78
192.168.4.6,57696,-88
192.168.4.4,57696,-66
192.168.4.3,57712,-76
192.168.4.6,57712,-87
192.168.4.2,57712,-79
192.168.4.4,57712,-67
192.168.4.3,57728,-78
192.168.4.6,57728,-90
192.168.4.4,57728,-68
192.168.4.3,57744,-76
192.168.4.6,57744,-91
192.168.4.4,57744,-73
192.168.4.3,57760,-80
192.168.4.4,57760,-72
192.168.4.6,57776,-87
192.168.4.4,57776,-69
192.168.4.3,57792,-71
192.168.4.6,57792,-89
192.168.4.4,57792,-68
192.168.4.3,57808,-76
192.168.4.6,57808,-85
192.168.4.4,57808,-65
192.168.4.3,57824,-76
192.168.4.6,57824,-87
192.168.4.2,57824,-78
192.168.4.4,57824,-64
192.168.4.3,57840,-72
192.168.4.6,57840,-87
192.168.4.4,57840,-66
192.168.4.3,57856,-71
192.168.4.6,57856,-86
192.168.4.4,57856,-62
192.168.4.3,57872,-73
192.168.4.6,57872,-85
192.168.4.4,57872,-66
192.168.4.3,57888,-73
192.168.4.6,57888,-86
192.168.4.4,57888,-65
192.168.4.3,57904,-71
192.168.4.6,57904,-83
192.168.4.4,57904,-63
192.168.4.3,57920,-72
192.168.4.6,57920,-84
192.168.4.4,57920,-61
192.168.4.3,57936,-74
192.168.4.6,57936,-84
192.168.4.4,57936,-65
192.168.4.3,57952,-82
192.168.4.6,57952,-84
192.168.4.4,57952,-68
192.168.4.3,57984,-77
192.168.4.6,57984,-86
192.168.4.4,57984,-72
192.168.4.6,58048,-86
192.168.4.4,58048,-73
192.168.4.3,58080,-72
192.168.4.6,58080,-87
192.168.4.4,58080,-70
192.168.4.3,58112,-75
192.168.4.6,58112,-87
192.168.4.2,58112,-78
192.168.4.4,58112,-70
192.168.4.3,58128,-74
192.168.4.6,58128,-87
192.168.4.4,58128,-69
192.168.4.3,58144,-73
192.168.4.6,58144,-90
192.168.4.4,58144,-69
192.168.4.3,58160,-72
192.168.4.6,58160,-89
192.168.4.4,58160,-69
192.168.4.3,58192,-72
192.168.4.6,58192,-89
192.168.4.4,58192,-69
192.168.4.3,58208,-75
192.168.4.6,58208,-92
192.168.4.4,58208,-68
192.168.4.3,58224,-80
192.168.4.6,58224,-89
192.168.4.4,58224,-69
192.168.4.3,58240,-71
192.168.4.6,58240,-90
192.168.4.4,58240,-67
192.168.4.3,58256,-71
192.168.4.6,58256,-92
192.168.4.4,58256,-70
192.168.4.6,58288,-90
192.168.4.4,58288,-70
192.168.4.3,58304,-75
192.168.4.6,58304,-87
192.168.4.2,58304,-80
192.168.4.4,58304,-69
192.168.4.3,58320,-71
192.168.4.6,58320,-90
192.168.4.4,58320,-67
192.168.4.3,58336,-73
192.168.4.6,58336,-90
192.168.4.4,58336,-67
192.168.4.3,58352,-74
192.168.4.6,58352,-91
192.168.4.4,58352,-68
192.168.4.3,58368,-74
192.168.4.6,58368,-92
192.168.4.4,58368,-71
192.168.4.3,58384,-73
192.168.4.6,58384,-86
192.168.4.4,58384,-74
192.168.4.6,58400,-94
192.168.4.4,58400,-75
192.168.4.3,58416,-77
192.168.4.6,58416,-92
192.168.4.4,58416,-72
192.168.4.3,58448,-81
192.168.4.6,58448,-90
192.168.4.4,58448,-73
192.168.4.3,58464,-75
192.168.4.6,58464,-91
192.168.4.4,58464,-74
192.168.4.3,58480,-71
192.168.4.6,58480,-90
192.168.4.4,58480,-73
192.168.4.3,58496,-69
192.168.4.6,58496,-93
192.168.4.4,58496,-73
192.168.4.3,58528,-72
192.168.4.6,58528,-91
192.168.4.4,58528,-76
192.168.4.3,58544,-71
192.168.4.6,58544,-95
192.168.4.4,58544,-73
192.168.4.3,58560,-70
192.168.4.6,58560,-90
192.168.4.2,58560,-78
192.168.4.4,58560,-73
192.168.4.3,58576,-71
192.168.4.6,58576,-91
192.168.4.4,58576,-74
192.168.4.3,58592,-69
192.168.4.6,58592,-89
192.168.4.2,58592,-76
192.168.4.4,58592,-73
192.168.4.3,58608,-70
192.168.4.6,58608,-92
192.168.4.4,58608,-73
192.168.4.3,58624,-71