millis,rssi,node,sequence
1,-79.0,192.168.4.9,47536
1,-71.0,192.168.4.5,47536
1,-76.0,192.168.4.6,47536
1,-79.0,192.168.4.7,47536
1,-74.0,192.168.4.3,47536
2,-73.0,192.168.4.7,47600
2,-70.0,192.168.4.5,47600
2,-79.0,192.168.4.6,47600
2,-70.5,192.168.4.3,47696
2,-79.0,192.168.4.10,47696
2,-70.0,192.168.4.5,47696
2,-76.0,192.168.4.2,47760
2,-72.0,192.168.4.9,47760
2,-70.0,192.168.4.5,47760
2,-70.5,192.168.4.3,47760
2,-73.0,192.168.4.7,47760
2,-79.0,192.168.4.6,47760
2,-79.0,192.168.4.10,47760
4,-72.5,192.168.4.2,48176
4,-82.0,192.168.4.3,48336
4,-72.5,192.168.4.2,48336
4,-72.5,192.168.4.2,48368
4,-69.0,192.168.4.5,48368
4,-75.0,192.168.4.6,48384
4,-69.0,192.168.4.5,48384
4,-72.5,192.168.4.2,48432
5,-79.0,192.168.4.3,48464
5,-72.33333333333333,192.168.4.2,48496
5,-79.0,192.168.4.3,48496
5,-72.33333333333333,192.168.4.2,48512
5,-79.0,192.168.4.3,48512
5,-72.33333333333333,192.168.4.2,48528
5,-72.33333333333333,192.168.4.2,48544
5,-76.0,192.168.4.6,48576
5,-72.0,192.168.4.5,48576
5,-72.33333333333333,192.168.4.2,48576
5,-79.0,192.168.4.10,48576
5,-90.0,192.168.4.7,48576
5,-72.33333333333333,192.168.4.2,48608
5,-72.33333333333333,192.168.4.2,48656
5,-72.33333333333333,192.168.4.2,48688
5,-72.33333333333333,192.168.4.2,48720
6,-78.0,192.168.4.10,48752
6,-72.0,192.168.4.2,48752
6,-72.0,192.168.4.2,48768
6,-76.33333333333333,192.168.4.3,48784
6,-72.0,192.168.4.2,48784
6,-76.33333333333333,192.168.4.3,48800
6,-72.0,192.168.4.2,48800
6,-78.0,192.168.4.10,48800
6,-72.0,192.168.4.2,48832
6,-72.0,192.168.4.2,48848
6,-72.0,192.168.4.2,48864
6,-78.0,192.168.4.10,48880
6,-72.0,192.168.4.2,48880
6,-72.0,192.168.4.5,48880
6,-76.0,192.168.4.6,48880
6,-75.0,192.168.4.9,48880
6,-76.33333333333333,192.168.4.3,48928
6,-72.0,192.168.4.2,48928
6,-78.0,192.168.4.10,48928
6,-72.0,192.168.4.2,48944
6,-76.33333333333333,192.168.4.3,48944
6,-72.0,192.168.4.2,48960
6,-78.0,192.168.4.10,48992
6,-76.33333333333333,192.168.4.3,48992
6,-72.0,192.168.4.2,48992
6,-78.0,192.168.4.10,49024
6,-76.33333333333333,192.168.4.3,49024
6,-72.0,192.168.4.2,49024
6,-72.0,192.168.4.2,49040
7,-78.25,192.168.4.10,49056
7,-76.75,192.168.4.3,49056
7,-71.83333333333333,192.168.4.2,49056
7,-71.83333333333333,192.168.4.2,49088
7,-79.0,192.168.4.6,49120
7,-77.0,192.168.4.9,49120
7,-71.83333333333333,192.168.4.2,49120
7,-73.0,192.168.4.5,49120
7,-76.75,192.168.4.3,49152
7,-71.83333333333333,192.168.4.2,49152
7,-76.75,192.168.4.3,49168
7,-71.83333333333333,192.168.4.2,49168
7,-71.83333333333333,192.168.4.2,49216
7,-78.25,192.168.4.10,49216
7,-76.75,192.168.4.3,49216
7,-76.75,192.168.4.3,49232
7,-71.83333333333333,192.168.4.2,49232
7,-78.25,192.168.4.10,49232
7,-76.75,192.168.4.3,49248
7,-71.83333333333333,192.168.4.2,49248
7,-78.25,192.168.4.10,49248
7,-76.75,192.168.4.3,49280
7,-71.83333333333333,192.168.4.2,49280
7,-71.83333333333333,192.168.4.2,49312
7,-71.83333333333333,192.168.4.2,49328
7,-76.75,192.168.4.3,49328
7,-71.83333333333333,192.168.4.2,49344
8,-72.5,192.168.4.2,49376
8,-80.875,192.168.4.10,49376
8,-72.5,192.168.4.2,49392
8,-80.875,192.168.4.10,49392
8,-72.5,192.168.4.2,49408
8,-80.875,192.168.4.10,49408
8,-71.25,192.168.4.6,49408
8,-76.33333333333333,192.168.4.9,49408
8,-71.16666666666667,192.168.4.5,49408
8,-68.5,192.168.4.11,49424
8,-76.5,192.168.4.3,49424
8,-80.875,192.168.4.10,49424
8,-72.5,192.168.4.2,49520
8,-71.16666666666667,192.168.4.5,49520
8,-68.5,192.168.4.11,49520
8,-76.5,192.168.4.3,49568
8,-80.875,192.168.4.10,49568
8,-71.16666666666667,192.168.4.5,49568
8,-72.5,192.168.4.2,49568
8,-68.5,192.168.4.11,49568
8,-71.25,192.168.4.6,49584
8,-71.16666666666667,192.168.4.5,49584
8,-76.5,192.168.4.3,49584
8,-80.875,192.168.4.10,49584
8,-72.5,192.168.4.2,49584
8,-88.5,192.168.4.12,49584
8,-68.5,192.168.4.11,49584
8,-76.33333333333333,192.168.4.9,49584
8,-68.5,192.168.4.11,49600
8,-71.25,192.168.4.6,49600
8,-80.875,192.168.4.10,49600
8,-72.5,192.168.4.2,49600
8,-76.33333333333333,192.168.4.9,49600
8,-71.16666666666667,192.168.4.5,49600
8,-88.5,192.168.4.12,49600
8,-76.5,192.168.4.3,49600
8,-76.5,192.168.4.3,49616
8,-68.5,192.168.4.11,49616
8,-72.5,192.168.4.2,49616
8,-76.5,192.168.4.3,49632
8,-68.5,192.168.4.11,49632
8,-80.875,192.168.4.10,49632
8,-72.5,192.168.4.2,49632
8,-68.5,192.168.4.11,49648
8,-71.16666666666667,192.168.4.5,49648
8,-72.5,192.168.4.2,49648
8,-71.25,192.168.4.6,49648
9,-71.61538461538461,192.168.4.2,49664
9,-76.16666666666667,192.168.4.5,49664
9,-78.66666666666667,192.168.4.9,49664
9,-78.6,192.168.4.10,49664
9,-75.0,192.168.4.6,49664
9,-73.75,192.168.4.3,49664
9,-87.0,192.168.4.12,49664
9,-71.23076923076923,192.168.4.11,49664
9,-78.6,192.168.4.10,49680
9,-76.16666666666667,192.168.4.5,49680
9,-78.66666666666667,192.168.4.9,49680
9,-87.0,192.168.4.12,49680
9,-71.61538461538461,192.168.4.2,49680
9,-75.0,192.168.4.6,49680
9,-71.23076923076923,192.168.4.11,49680
9,-71.23076923076923,192.168.4.11,49696
9,-71.61538461538461,192.168.4.2,49696
9,-71.23076923076923,192.168.4.11,49712
9,-71.61538461538461,192.168.4.2,49712
9,-78.6,192.168.4.10,49712
9,-87.0,192.168.4.12,49712
9,-75.0,192.168.4.6,49712
9,-78.66666666666667,192.168.4.9,49712
9,-71.23076923076923,192.168.4.11,49728
9,-78.6,192.168.4.10,49744
9,-71.23076923076923,192.168.4.11,49744
9,-71.61538461538461,192.168.4.2,49744
9,-71.23076923076923,192.168.4.11,49792
9,-73.75,192.168.4.3,49792
9,-71.61538461538461,192.168.4.2,49792
9,-73.75,192.168.4.3,49808
9,-76.16666666666667,192.168.4.5,49808
9,-71.23076923076923,192.168.4.11,49808
9,-71.23076923076923,192.168.4.11,49824
9,-71.61538461538461,192.168.4.2,49824
9,-73.75,192.168.4.3,49824
9,-71.61538461538461,192.168.4.2,49840
9,-73.75,192.168.4.3,49840
9,-87.0,192.168.4.12,49840
9,-76.16666666666667,192.168.4.5,49840
9,-91.0,192.168.4.7,49840
9,-71.23076923076923,192.168.4.11,49840
9,-78.6,192.168.4.10,49840
9,-78.66666666666667,192.168.4.9,49840
9,-78.6,192.168.4.10,49856
9,-71.61538461538461,192.168.4.2,49856
9,-78.6,192.168.4.10,49872
9,-71.61538461538461,192.168.4.2,49872
9,-75.0,192.168.4.6,49888
9,-73.75,192.168.4.3,49888
9,-78.6,192.168.4.10,49888
9,-78.66666666666667,192.168.4.9,49888
9,-71.23076923076923,192.168.4.11,49888
9,-71.61538461538461,192.168.4.2,49888
9,-76.16666666666667,192.168.4.5,49904
9,-78.6,192.168.4.10,49904
9,-71.23076923076923,192.168.4.11,49904
9,-71.61538461538461,192.168.4.2,49920
9,-73.75,192.168.4.3,49920
9,-76.16666666666667,192.168.4.5,49936
9,-71.23076923076923,192.168.4.11,49936
9,-78.6,192.168.4.10,49936
9,-75.0,192.168.4.6,49936
9,-73.75,192.168.4.3,49936
9,-71.61538461538461,192.168.4.2,49936
9,-78.66666666666667,192.168.4.9,49936
10,-78.375,192.168.4.9,49952
10,-78.55555555555556,192.168.4.10,49952
10,-75.63636363636364,192.168.4.11,49952
10,-76.0909090909091,192.168.4.2,49952
10,-76.3,192.168.4.5,49952
10,-75.0,192.168.4.3,49952
10,-76.0909090909091,192.168.4.2,49968
10,-76.3,192.168.4.5,49968
10,-75.63636363636364,192.168.4.11,49968
10,-78.375,192.168.4.9,49968
10,-75.0,192.168.4.3,49968
10,-78.55555555555556,192.168.4.10,49968
10,-73.2,192.168.4.6,50016
10,-76.0909090909091,192.168.4.2,50016
10,-75.63636363636364,192.168.4.11,50016
10,-78.375,192.168.4.9,50016
10,-76.3,192.168.4.5,50016
10,-78.55555555555556,192.168.4.10,50016
10,-83.4,192.168.4.12,50016
10,-76.0909090909091,192.168.4.2,50032
10,-73.2,192.168.4.6,50032
10,-76.0909090909091,192.168.4.2,50048
10,-78.55555555555556,192.168.4.10,50048
10,-78.375,192.168.4.9,50048
10,-75.63636363636364,192.168.4.11,50048
10,-76.3,192.168.4.5,50048
10,-73.2,192.168.4.6,50048
10,-83.4,192.168.4.12,50048
10,-76.0909090909091,192.168.4.2,50064
10,-78.375,192.168.4.9,50064
10,-76.3,192.168.4.5,50064
10,-78.55555555555556,192.168.4.10,50064
10,-83.4,192.168.4.12,50064
10,-75.63636363636364,192.168.4.11,50064
10,-78.375,192.168.4.9,50080
10,-73.2,192.168.4.6,50080
10,-75.63636363636364,192.168.4.11,50080
10,-76.0909090909091,192.168.4.2,50080
10,-78.55555555555556,192.168.4.10,50080
10,-76.3,192.168.4.5,50080
10,-83.4,192.168.4.12,50096
10,-75.63636363636364,192.168.4.11,50096
10,-75.0,192.168.4.3,50096
10,-78.375,192.168.4.9,50096
10,-78.55555555555556,192.168.4.10,50096
10,-73.2,192.168.4.6,50096
10,-75.0,192.168.4.3,50112
10,-76.3,192.168.4.5,50112
10,-75.63636363636364,192.168.4.11,50112
10,-76.0909090909091,192.168.4.2,50112
10,-73.2,192.168.4.6,50112
10,-73.2,192.168.4.6,50144
10,-76.3,192.168.4.5,50144
10,-75.63636363636364,192.168.4.11,50144
10,-76.0909090909091,192.168.4.2,50144
10,-73.2,192.168.4.6,50176
10,-78.55555555555556,192.168.4.10,50208
10,-76.3,192.168.4.5,50208
10,-75.63636363636364,192.168.4.11,50208
10,-76.0909090909091,192.168.4.2,50208
10,-73.2,192.168.4.6,50208
10,-75.0,192.168.4.3,50224
10,-78.375,192.168.4.9,50224
10,-83.4,192.168.4.12,50224
10,-76.3,192.168.4.5,50224
10,-76.0909090909091,192.168.4.2,50224
10,-73.2,192.168.4.6,50224
10,-75.63636363636364,192.168.4.11,50224
10,-78.55555555555556,192.168.4.10,50224
11,-67.0,192.168.4.6,50256
11,-82.11111111111111,192.168.4.2,50336
11,-80.83333333333333,192.168.4.9,50336
11,-77.1,192.168.4.5,50336
11,-67.0,192.168.4.6,50336
11,-75.88888888888889,192.168.4.11,50416
11,-77.1,192.168.4.5,50416
11,-76.625,192.168.4.10,50416
11,-67.0,192.168.4.6,50416
11,-82.11111111111111,192.168.4.2,50416
11,-83.33333333333333,192.168.4.12,50432
11,-82.11111111111111,192.168.4.2,50432
11,-76.625,192.168.4.10,50432
11,-80.83333333333333,192.168.4.9,50432
11,-77.1,192.168.4.5,50432
11,-67.0,192.168.4.6,50432
11,-75.88888888888889,192.168.4.11,50432
11,-87.0,192.168.4.7,50432
11,-80.0,192.168.4.3,50432
11,-77.1,192.168.4.5,50448
11,-82.11111111111111,192.168.4.2,50448
11,-67.0,192.168.4.6,50448
11,-75.88888888888889,192.168.4.11,50448
11,-76.625,192.168.4.10,50448
11,-80.0,192.168.4.3,50448
11,-75.88888888888889,192.168.4.11,50464
11,-82.11111111111111,192.168.4.2,50464
11,-67.0,192.168.4.6,50464
11,-76.625,192.168.4.10,50464
11,-83.33333333333333,192.168.4.12,50464
11,-77.1,192.168.4.5,50464
11,-75.88888888888889,192.168.4.11,50480
11,-67.0,192.168.4.6,50480
11,-80.83333333333333,192.168.4.9,50480
11,-77.1,192.168.4.5,50480
11,-82.11111111111111,192.168.4.2,50480
11,-83.33333333333333,192.168.4.12,50480
11,-76.625,192.168.4.10,50480
11,-82.11111111111111,192.168.4.2,50496
11,-83.33333333333333,192.168.4.12,50496
11,-75.88888888888889,192.168.4.11,50496
11,-80.83333333333333,192.168.4.9,50496
11,-76.625,192.168.4.10,50496
11,-67.0,192.168.4.6,50496
11,-77.1,192.168.4.5,50496
11,-77.1,192.168.4.5,50512
11,-80.0,192.168.4.3,50512
11,-75.88888888888889,192.168.4.11,50512
11,-83.33333333333333,192.168.4.12,50512
11,-76.625,192.168.4.10,50512
11,-80.83333333333333,192.168.4.9,50512
11,-67.0,192.168.4.6,50512
11,-82.11111111111111,192.168.4.2,50512
11,-75.88888888888889,192.168.4.11,50528
11,-77.1,192.168.4.5,50528
11,-67.0,192.168.4.6,50528
11,-75.88888888888889,192.168.4.11,50544
11,-82.11111111111111,192.168.4.2,50544
11,-67.0,192.168.4.6,50544
11,-77.1,192.168.4.5,50544
11,-76.625,192.168.4.10,50544
11,-80.83333333333333,192.168.4.9,50544
11,-83.33333333333333,192.168.4.12,50544
12,-67.66666666666667,192.168.4.6,50560
12,-81.0,192.168.4.9,50560
12,-75.16666666666667,192.168.4.2,50560
12,-78.66666666666667,192.168.4.10,50560
12,-74.3,192.168.4.11,50560
12,-83.0,192.168.4.12,50560
12,-74.3,192.168.4.11,50576
12,-75.16666666666667,192.168.4.2,50576
12,-67.66666666666667,192.168.4.6,50576
12,-78.66666666666667,192.168.4.10,50576
12,-81.0,192.168.4.9,50624
12,-78.66666666666667,192.168.4.10,50624
12,-74.3,192.168.4.11,50624
12,-83.0,192.168.4.12,50624
12,-77.5,192.168.4.5,50624
12,-75.16666666666667,192.168.4.2,50624
12,-67.66666666666667,192.168.4.6,50624
12,-75.16666666666667,192.168.4.2,50656
12,-74.3,192.168.4.11,50656
12,-83.0,192.168.4.12,50656
12,-88.2,192.168.4.7,50656
12,-77.5,192.168.4.5,50656
12,-78.66666666666667,192.168.4.10,50656
12,-67.66666666666667,192.168.4.6,50656
12,-67.66666666666667,192.168.4.6,50688
12,-75.16666666666667,192.168.4.2,50688
12,-67.66666666666667,192.168.4.6,50704
12,-77.5,192.168.4.5,50704
12,-75.2,192.168.4.3,50704
12,-78.66666666666667,192.168.4.10,50704
12,-74.3,192.168.4.11,50704
12,-83.0,192.168.4.12,50704
12,-75.16666666666667,192.168.4.2,50704
12,-77.5,192.168.4.5,50720
12,-75.2,192.168.4.3,50720
12,-81.0,192.168.4.9,50720
12,-75.16666666666667,192.168.4.2,50720
12,-78.66666666666667,192.168.4.10,50720
12,-74.3,192.168.4.11,50720
12,-88.2,192.168.4.7,50720
12,-67.66666666666667,192.168.4.6,50720
12,-88.2,192.168.4.7,50736
12,-75.16666666666667,192.168.4.2,50736
12,-75.2,192.168.4.3,50736
12,-77.5,192.168.4.5,50736
12,-74.3,192.168.4.11,50736
12,-67.66666666666667,192.168.4.6,50736
12,-67.66666666666667,192.168.4.6,50752
12,-77.5,192.168.4.5,50752
12,-78.66666666666667,192.168.4.10,50752
12,-74.3,192.168.4.11,50752
12,-75.2,192.168.4.3,50752
12,-81.0,192.168.4.9,50752
12,-75.16666666666667,192.168.4.2,50752
12,-77.5,192.168.4.5,50768
12,-67.66666666666667,192.168.4.6,50768
12,-75.16666666666667,192.168.4.2,50768
12,-67.66666666666667,192.168.4.6,50784
12,-83.0,192.168.4.12,50784
12,-81.0,192.168.4.9,50784
12,-88.2,192.168.4.7,50784
12,-74.3,192.168.4.11,50784
12,-75.16666666666667,192.168.4.2,50784
12,-77.5,192.168.4.5,50784
12,-78.66666666666667,192.168.4.10,50784
12,-74.3,192.168.4.11,50800
12,-75.2,192.168.4.3,50800
12,-83.0,192.168.4.12,50800
12,-88.2,192.168.4.7,50800
12,-75.16666666666667,192.168.4.2,50800
12,-67.66666666666667,192.168.4.6,50800
12,-78.66666666666667,192.168.4.10,50800
13,-70.6,192.168.4.3,50896
13,-72.25,192.168.4.2,50896
13,-73.0,192.168.4.6,50896
13,-72.25,192.168.4.2,50928
13,-73.0,192.168.4.6,50928
13,-78.8,192.168.4.5,50928
13,-82.0,192.168.4.7,50992
13,-70.8,192.168.4.11,50992
13,-73.0,192.168.4.6,50992
13,-78.8,192.168.4.5,50992
13,-77.0,192.168.4.9,50992
13,-70.6,192.168.4.3,50992
13,-82.0,192.168.4.10,50992
13,-72.25,192.168.4.2,50992
13,-70.8,192.168.4.11,51008
13,-77.0,192.168.4.9,51008
13,-81.0,192.168.4.12,51008
13,-82.0,192.168.4.7,51008
13,-82.0,192.168.4.10,51008
13,-78.8,192.168.4.5,51008
13,-70.6,192.168.4.3,51008
13,-73.0,192.168.4.6,51008
13,-70.6,192.168.4.3,51056
13,-81.0,192.168.4.12,51056
13,-70.8,192.168.4.11,51056
13,-82.0,192.168.4.10,51056
13,-73.0,192.168.4.6,51088
13,-70.6,192.168.4.3,51088
13,-70.8,192.168.4.11,51088
13,-82.0,192.168.4.10,51088
13,-72.25,192.168.4.2,51088
13,-78.8,192.168.4.5,51088
13,-70.8,192.168.4.11,51120
13,-78.8,192.168.4.5,51120
14,-70.0625,192.168.4.3,51168
14,-66.66666666666667,192.168.4.11,51168
14,-77.61538461538461,192.168.4.5,51184
14,-78.93333333333334,192.168.4.10,51184
14,-70.0625,192.168.4.3,51184
14,-71.6,192.168.4.2,51184
14,-82.1,192.168.4.9,51184
14,-66.66666666666667,192.168.4.11,51184
14,-78.53846153846153,192.168.4.6,51184
14,-66.66666666666667,192.168.4.11,51200
14,-78.93333333333334,192.168.4.10,51200
14,-70.0625,192.168.4.3,51200
14,-71.6,192.168.4.2,51200
14,-85.25,192.168.4.12,51200
14,-77.61538461538461,192.168.4.5,51200
14,-82.1,192.168.4.9,51200
14,-78.53846153846153,192.168.4.6,51200
14,-70.0625,192.168.4.3,51216
14,-85.25,192.168.4.12,51216
14,-78.53846153846153,192.168.4.6,51216
14,-71.6,192.168.4.2,51216
14,-77.61538461538461,192.168.4.5,51216
14,-66.66666666666667,192.168.4.11,51216
14,-82.625,192.168.4.7,51216
14,-78.93333333333334,192.168.4.10,51216
14,-70.0625,192.168.4.3,51232
14,-71.6,192.168.4.2,51232
14,-82.1,192.168.4.9,51232
14,-85.25,192.168.4.12,51232
14,-66.66666666666667,192.168.4.11,51232
14,-77.61538461538461,192.168.4.5,51232
14,-78.93333333333334,192.168.4.10,51232
14,-78.53846153846153,192.168.4.6,51232
14,-82.1,192.168.4.9,51248
14,-85.25,192.168.4.12,51248
14,-77.61538461538461,192.168.4.5,51248
14,-70.0625,192.168.4.3,51248
14,-66.66666666666667,192.168.4.11,51248
14,-71.6,192.168.4.2,51248
14,-78.53846153846153,192.168.4.6,51248
14,-82.625,192.168.4.7,51248
14,-78.93333333333334,192.168.4.10,51248
14,-70.0625,192.168.4.3,51264
14,-82.625,192.168.4.7,51264
14,-77.61538461538461,192.168.4.5,51264
14,-78.53846153846153,192.168.4.6,51264
14,-71.6,192.168.4.2,51264
14,-85.25,192.168.4.12,51264
14,-78.93333333333334,192.168.4.10,51264
14,-66.66666666666667,192.168.4.11,51264
14,-70.0625,192.168.4.3,51280
14,-77.61538461538461,192.168.4.5,51280
14,-66.66666666666667,192.168.4.11,51280
14,-78.93333333333334,192.168.4.10,51280
14,-71.6,192.168.4.2,51280
14,-82.625,192.168.4.7,51280
14,-82.1,192.168.4.9,51280
14,-85.25,192.168.4.12,51280
14,-71.6,192.168.4.2,51312
14,-78.93333333333334,192.168.4.10,51312
14,-70.0625,192.168.4.3,51312
14,-78.53846153846153,192.168.4.6,51312
14,-66.66666666666667,192.168.4.11,51312
14,-85.25,192.168.4.12,51328
14,-70.0625,192.168.4.3,51328
14,-78.53846153846153,192.168.4.6,51328
14,-71.6,192.168.4.2,51328
14,-82.1,192.168.4.9,51328
14,-78.93333333333334,192.168.4.10,51328
14,-77.61538461538461,192.168.4.5,51328
14,-78.53846153846153,192.168.4.6,51360
14,-78.93333333333334,192.168.4.10,51360
14,-71.6,192.168.4.2,51360
14,-66.66666666666667,192.168.4.11,51360
14,-70.0625,192.168.4.3,51360
14,-70.0625,192.168.4.3,51376
14,-66.66666666666667,192.168.4.11,51376
14,-77.61538461538461,192.168.4.5,51376
14,-78.93333333333334,192.168.4.10,51376
14,-82.625,192.168.4.7,51376
14,-78.53846153846153,192.168.4.6,51376
14,-71.6,192.168.4.2,51376
14,-78.93333333333334,192.168.4.10,51392
14,-82.1,192.168.4.9,51392
14,-70.0625,192.168.4.3,51392
14,-66.66666666666667,192.168.4.11,51392
14,-71.6,192.168.4.2,51392
14,-77.61538461538461,192.168.4.5,51392
14,-66.66666666666667,192.168.4.11,51408
14,-78.53846153846153,192.168.4.6,51408
14,-82.625,192.168.4.7,51408
14,-70.0625,192.168.4.3,51408
14,-71.6,192.168.4.2,51408
14,-82.1,192.168.4.9,51408
14,-78.93333333333334,192.168.4.10,51408
14,-77.61538461538461,192.168.4.5,51408
14,-71.6,192.168.4.2,51424
14,-78.53846153846153,192.168.4.6,51424
14,-82.625,192.168.4.7,51424
14,-82.1,192.168.4.9,51424
14,-70.0625,192.168.4.3,51424
14,-66.66666666666667,192.168.4.11,51424
14,-77.61538461538461,192.168.4.5,51424
14,-78.93333333333334,192.168.4.10,51424
14,-85.25,192.168.4.12,51440
14,-70.0625,192.168.4.3,51440
14,-82.1,192.168.4.9,51440
14,-78.93333333333334,192.168.4.10,51440
14,-78.53846153846153,192.168.4.6,51440
14,-82.625,192.168.4.7,51440
14,-66.66666666666667,192.168.4.11,51440
14,-71.6,192.168.4.2,51440
14,-77.61538461538461,192.168.4.5,51440
15,-69.16666666666667,192.168.4.2,51472
15,-84.63636363636364,192.168.4.12,51472
15,-72.46666666666667,192.168.4.5,51472
15,-66.13333333333334,192.168.4.11,51472
15,-77.92307692307692,192.168.4.10,51472
15,-81.14285714285714,192.168.4.6,51472
15,-82.6,192.168.4.9,51472
15,-77.0,192.168.4.7,51472
15,-69.78571428571429,192.168.4.3,51472
15,-84.63636363636364,192.168.4.12,51488
15,-72.46666666666667,192.168.4.5,51488
15,-77.92307692307692,192.168.4.10,51488
15,-82.6,192.168.4.9,51488
15,-77.0,192.168.4.7,51488
15,-69.16666666666667,192.168.4.2,51488
15,-81.14285714285714,192.168.4.6,51488
15,-66.13333333333334,192.168.4.11,51488
15,-69.78571428571429,192.168.4.3,51488
15,-77.0,192.168.4.7,51504
15,-69.16666666666667,192.168.4.2,51504
15,-66.13333333333334,192.168.4.11,51504
15,-81.14285714285714,192.168.4.6,51504
15,-69.78571428571429,192.168.4.3,51504
15,-72.46666666666667,192.168.4.5,51504
15,-82.6,192.168.4.9,51504
15,-77.92307692307692,192.168.4.10,51504
15,-69.78571428571429,192.168.4.3,51520
15,-82.6,192.168.4.9,51520
15,-72.46666666666667,192.168.4.5,51520
15,-81.14285714285714,192.168.4.6,51520
15,-77.0,192.168.4.7,51520
15,-69.16666666666667,192.168.4.2,51520
15,-77.92307692307692,192.168.4.10,51520
15,-66.13333333333334,192.168.4.11,51520
15,-66.13333333333334,192.168.4.11,51536
15,-69.16666666666667,192.168.4.2,51536
15,-77.92307692307692,192.168.4.10,51536
15,-84.63636363636364,192.168.4.12,51536
15,-72.46666666666667,192.168.4.5,51536
15,-69.78571428571429,192.168.4.3,51536
15,-82.6,192.168.4.9,51536
15,-81.14285714285714,192.168.4.6,51536
15,-77.0,192.168.4.7,51584
15,-69.16666666666667,192.168.4.2,51584
15,-66.13333333333334,192.168.4.11,51584
15,-77.92307692307692,192.168.4.10,51584
15,-82.6,192.168.4.9,51584
15,-69.78571428571429,192.168.4.3,51584
15,-84.63636363636364,192.168.4.12,51584
15,-72.46666666666667,192.168.4.5,51584
15,-81.14285714285714,192.168.4.6,51584
15,-81.14285714285714,192.168.4.6,51600
15,-69.78571428571429,192.168.4.3,51600
15,-72.46666666666667,192.168.4.5,51600
15,-82.6,192.168.4.9,51600
15,-66.13333333333334,192.168.4.11,51600
15,-77.92307692307692,192.168.4.10,51600
15,-77.0,192.168.4.7,51600
15,-81.14285714285714,192.168.4.6,51616
15,-77.0,192.168.4.7,51616
15,-69.78571428571429,192.168.4.3,51616
15,-72.46666666666667,192.168.4.5,51616
15,-77.92307692307692,192.168.4.10,51616
15,-84.63636363636364,192.168.4.12,51616
15,-66.13333333333334,192.168.4.11,51616
15,-77.92307692307692,192.168.4.10,51632
15,-82.6,192.168.4.9,51632
15,-77.0,192.168.4.7,51632
15,-84.63636363636364,192.168.4.12,51632
15,-81.14285714285714,192.168.4.6,51632
15,-69.78571428571429,192.168.4.3,51632
15,-66.13333333333334,192.168.4.11,51632
15,-72.46666666666667,192.168.4.5,51632
15,-82.6,192.168.4.9,51648
15,-77.0,192.168.4.7,51648
15,-81.14285714285714,192.168.4.6,51648
15,-72.46666666666667,192.168.4.5,51648
15,-66.13333333333334,192.168.4.11,51648
15,-84.63636363636364,192.168.4.12,51648
15,-69.78571428571429,192.168.4.3,51648
15,-77.0,192.168.4.7,51680
15,-84.63636363636364,192.168.4.12,51680
15,-77.92307692307692,192.168.4.10,51680
15,-66.13333333333334,192.168.4.11,51680
15,-72.46666666666667,192.168.4.5,51680
15,-81.14285714285714,192.168.4.6,51680
15,-69.78571428571429,192.168.4.3,51680
15,-66.13333333333334,192.168.4.11,51696
15,-69.78571428571429,192.168.4.3,51696
15,-81.14285714285714,192.168.4.6,51696
15,-84.63636363636364,192.168.4.12,51696
15,-77.92307692307692,192.168.4.10,51696
15,-72.46666666666667,192.168.4.5,51696
15,-77.0,192.168.4.7,51696
15,-81.14285714285714,192.168.4.6,51712
15,-84.63636363636364,192.168.4.12,51712
15,-82.6,192.168.4.9,51712
15,-77.92307692307692,192.168.4.10,51712
15,-69.78571428571429,192.168.4.3,51712
15,-72.46666666666667,192.168.4.5,51712
15,-77.0,192.168.4.7,51712
15,-66.13333333333334,192.168.4.11,51712
15,-81.14285714285714,192.168.4.6,51728
15,-72.46666666666667,192.168.4.5,51728
15,-84.63636363636364,192.168.4.12,51728
15,-66.13333333333334,192.168.4.11,51728
15,-72.46666666666667,192.168.4.5,51744
15,-77.0,192.168.4.7,51744
15,-77.92307692307692,192.168.4.10,51744
15,-69.78571428571429,192.168.4.3,51744
15,-66.13333333333334,192.168.4.11,51744
16,-72.5,192.168.4.3,51760
16,-67.33333333333333,192.168.4.11,51760
16,-75.0,192.168.4.5,51760
16,-84.625,192.168.4.9,51760
16,-77.0909090909091,192.168.4.10,51760
16,-76.92307692307692,192.168.4.7,51760
16,-76.92307692307692,192.168.4.7,51776
16,-77.0909090909091,192.168.4.10,51776
16,-75.0,192.168.4.5,51776
16,-67.33333333333333,192.168.4.11,51776
16,-83.0,192.168.4.12,51824
16,-84.625,192.168.4.9,51824
16,-76.92307692307692,192.168.4.7,51824
16,-82.28571428571429,192.168.4.6,51824
16,-67.33333333333333,192.168.4.11,51824
16,-77.0909090909091,192.168.4.10,51824
16,-72.5,192.168.4.3,51840
16,-75.0,192.168.4.5,51840
16,-67.33333333333333,192.168.4.11,51840
16,-84.625,192.168.4.9,51840
16,-77.0909090909091,192.168.4.10,51840
16,-76.92307692307692,192.168.4.7,51840
16,-76.92307692307692,192.168.4.7,51856
16,-77.0909090909091,192.168.4.10,51856
16,-72.5,192.168.4.3,51856
16,-75.0,192.168.4.5,51856
16,-84.625,192.168.4.9,51856
16,-67.33333333333333,192.168.4.11,51856
16,-72.5,192.168.4.3,51888
16,-76.92307692307692,192.168.4.7,51888
16,-84.625,192.168.4.9,51888
16,-82.28571428571429,192.168.4.6,51888
16,-75.0,192.168.4.5,51888
16,-77.0909090909091,192.168.4.10,51888
16,-67.33333333333333,192.168.4.11,51888
16,-77.0909090909091,192.168.4.10,51904
16,-76.92307692307692,192.168.4.7,51904
16,-75.0,192.168.4.5,51904
16,-82.28571428571429,192.168.4.6,51904
16,-84.625,192.168.4.9,51904
16,-72.5,192.168.4.3,51904
16,-83.0,192.168.4.12,51904
16,-67.33333333333333,192.168.4.11,51904
16,-77.0909090909091,192.168.4.10,51920
16,-75.0,192.168.4.5,51920
16,-72.5,192.168.4.3,51920
16,-67.33333333333333,192.168.4.11,51920
16,-67.33333333333333,192.168.4.11,51936
16,-75.0,192.168.4.5,51936
16,-76.92307692307692,192.168.4.7,51936
16,-72.5,192.168.4.3,51952
16,-76.92307692307692,192.168.4.7,51952
16,-67.33333333333333,192.168.4.11,51952
16,-75.0,192.168.4.5,51952
16,-82.28571428571429,192.168.4.6,51952
16,-72.5,192.168.4.3,51968
16,-76.92307692307692,192.168.4.7,51968
16,-75.0,192.168.4.5,51968
16,-67.33333333333333,192.168.4.11,51968
16,-72.5,192.168.4.3,52000
16,-67.33333333333333,192.168.4.11,52000
16,-77.0909090909091,192.168.4.10,52000
16,-82.28571428571429,192.168.4.6,52000
16,-84.625,192.168.4.9,52000
16,-75.0,192.168.4.5,52000
16,-76.92307692307692,192.168.4.7,52000
16,-84.625,192.168.4.9,52016
16,-67.33333333333333,192.168.4.11,52016
16,-82.28571428571429,192.168.4.6,52016
16,-83.0,192.168.4.12,52016
16,-77.0909090909091,192.168.4.10,52016
16,-76.92307692307692,192.168.4.7,52016
16,-75.0,192.168.4.5,52016
16,-72.5,192.168.4.3,52016
16,-82.28571428571429,192.168.4.6,52032
16,-76.92307692307692,192.168.4.7,52032
16,-67.33333333333333,192.168.4.11,52032
16,-75.0,192.168.4.5,52032
16,-83.0,192.168.4.12,52032
16,-72.5,192.168.4.3,52032
16,-67.33333333333333,192.168.4.11,52048
16,-77.0909090909091,192.168.4.10,52048
16,-75.0,192.168.4.5,52048
16,-72.5,192.168.4.3,52048
17,-80.83333333333333,192.168.4.10,52080
17,-72.15384615384616,192.168.4.7,52080
17,-82.5,192.168.4.6,52080
17,-70.66666666666667,192.168.4.3,52080
17,-74.41666666666667,192.168.4.5,52080
17,-69.08333333333333,192.168.4.11,52080
17,-82.5,192.168.4.6,52096
17,-72.15384615384616,192.168.4.7,52096
17,-70.66666666666667,192.168.4.3,52096
17,-74.41666666666667,192.168.4.5,52096
17,-69.08333333333333,192.168.4.11,52096
17,-80.83333333333333,192.168.4.10,52096
17,-72.15384615384616,192.168.4.7,52112
17,-80.83333333333333,192.168.4.10,52112
17,-74.41666666666667,192.168.4.5,52112
17,-69.08333333333333,192.168.4.11,52112
17,-70.66666666666667,192.168.4.3,52128
17,-80.83333333333333,192.168.4.10,52144
17,-69.08333333333333,192.168.4.11,52144
17,-85.66666666666667,192.168.4.12,52144
17,-74.41666666666667,192.168.4.5,52144
17,-72.15384615384616,192.168.4.7,52144
17,-70.66666666666667,192.168.4.3,52144
17,-84.25,192.168.4.9,52144
17,-85.66666666666667,192.168.4.12,52160
17,-80.83333333333333,192.168.4.10,52160
17,-74.41666666666667,192.168.4.5,52160
17,-70.66666666666667,192.168.4.3,52160
17,-69.08333333333333,192.168.4.11,52160
17,-72.15384615384616,192.168.4.7,52160
17,-85.66666666666667,192.168.4.12,52176
17,-80.83333333333333,192.168.4.10,52176
17,-69.08333333333333,192.168.4.11,52176
17,-84.25,192.168.4.9,52176
17,-70.66666666666667,192.168.4.3,52176
17,-72.15384615384616,192.168.4.7,52176
17,-74.41666666666667,192.168.4.5,52176
17,-72.15384615384616,192.168.4.7,52192
17,-85.66666666666667,192.168.4.12,52192
17,-69.08333333333333,192.168.4.11,52192
17,-70.66666666666667,192.168.4.3,52192
17,-80.83333333333333,192.168.4.10,52192
17,-84.25,192.168.4.9,52192
17,-74.41666666666667,192.168.4.5,52192
17,-70.66666666666667,192.168.4.3,52208
17,-80.83333333333333,192.168.4.10,52208
17,-74.41666666666667,192.168.4.5,52208
17,-72.15384615384616,192.168.4.7,52208
17,-69.08333333333333,192.168.4.11,52208
17,-84.25,192.168.4.9,52208
17,-69.08333333333333,192.168.4.11,52224
17,-80.83333333333333,192.168.4.10,52224
17,-72.15384615384616,192.168.4.7,52224
17,-74.41666666666667,192.168.4.5,52224
17,-84.25,192.168.4.9,52224
17,-70.66666666666667,192.168.4.3,52224
17,-70.66666666666667,192.168.4.3,52240
17,-80.83333333333333,192.168.4.10,52240
17,-72.15384615384616,192.168.4.7,52240
17,-74.41666666666667,192.168.4.5,52240
17,-69.08333333333333,192.168.4.11,52240
17,-84.25,192.168.4.9,52240
17,-85.66666666666667,192.168.4.12,52240
17,-70.66666666666667,192.168.4.3,52256
17,-80.83333333333333,192.168.4.10,52256
17,-69.08333333333333,192.168.4.11,52256
17,-72.15384615384616,192.168.4.7,52256
17,-84.25,192.168.4.9,52256
17,-73.33333333333333,192.168.4.2,52256
17,-73.33333333333333,192.168.4.2,52272
17,-74.41666666666667,192.168.4.5,52272
17,-80.83333333333333,192.168.4.10,52272
17,-85.66666666666667,192.168.4.12,52272
17,-70.66666666666667,192.168.4.3,52272
17,-84.25,192.168.4.9,52272
17,-72.15384615384616,192.168.4.7,52272
17,-69.08333333333333,192.168.4.11,52272
17,-72.15384615384616,192.168.4.7,52336
17,-73.33333333333333,192.168.4.2,52336
17,-74.41666666666667,192.168.4.5,52336
18,-67.41666666666667,192.168.4.3,52352
18,-73.93333333333334,192.168.4.2,52352
18,-70.33333333333333,192.168.4.11,52352
18,-72.5,192.168.4.5,52352
18,-72.5,192.168.4.5,52368
18,-84.5,192.168.4.10,52368
18,-67.41666666666667,192.168.4.3,52368
18,-70.33333333333333,192.168.4.11,52368
18,-73.93333333333334,192.168.4.2,52368
18,-70.33333333333333,192.168.4.11,52384
18,-72.5,192.168.4.5,52384
18,-88.0,192.168.4.12,52384
18,-82.0,192.168.4.9,52384
18,-73.93333333333334,192.168.4.2,52384
18,-84.5,192.168.4.10,52384
18,-67.41666666666667,192.168.4.3,52384
18,-73.93333333333334,192.168.4.2,52400
18,-72.5,192.168.4.5,52400
18,-72.5,192.168.4.5,52416
18,-73.93333333333334,192.168.4.2,52416
18,-84.5,192.168.4.10,52416
18,-70.33333333333333,192.168.4.11,52416
18,-67.41666666666667,192.168.4.3,52416
18,-82.0,192.168.4.9,52416
18,-67.41666666666667,192.168.4.3,52432
18,-73.93333333333334,192.168.4.2,52432
18,-70.33333333333333,192.168.4.11,52432
18,-70.33333333333333,192.168.4.11,52448
18,-67.41666666666667,192.168.4.3,52448
18,-73.93333333333334,192.168.4.2,52464
18,-67.41666666666667,192.168.4.3,52464
18,-67.41666666666667,192.168.4.3,52496
18,-72.5,192.168.4.5,52496
18,-73.93333333333334,192.168.4.2,52496
18,-88.0,192.168.4.12,52496
18,-84.5,192.168.4.10,52496
18,-70.33333333333333,192.168.4.11,52496
18,-70.33333333333333,192.168.4.11,52512
18,-72.5,192.168.4.5,52512
18,-73.93333333333334,192.168.4.2,52512
18,-67.41666666666667,192.168.4.3,52512
18,-84.5,192.168.4.10,52528
18,-73.93333333333334,192.168.4.2,52528
18,-67.41666666666667,192.168.4.3,52528
18,-70.33333333333333,192.168.4.11,52528
18,-72.5,192.168.4.5,52528
18,-73.93333333333334,192.168.4.2,52576
18,-73.93333333333334,192.168.4.2,52592
18,-70.33333333333333,192.168.4.11,52592
18,-70.33333333333333,192.168.4.11,52608
18,-84.5,192.168.4.10,52608
18,-72.5,192.168.4.5,52608
18,-73.93333333333334,192.168.4.2,52608
18,-88.0,192.168.4.12,52608
18,-67.41666666666667,192.168.4.3,52608
18,-82.0,192.168.4.9,52608
18,-73.93333333333334,192.168.4.2,52624
18,-72.5,192.168.4.5,52624
18,-73.93333333333334,192.168.4.2,52640
18,-67.41666666666667,192.168.4.3,52640
18,-70.33333333333333,192.168.4.11,52640
19,-69.78571428571429,192.168.4.5,52656
19,-73.3,192.168.4.3,52656
19,-85.83333333333333,192.168.4.10,52656
19,-79.625,192.168.4.9,52656
19,-72.41666666666667,192.168.4.11,52656
19,-76.91666666666667,192.168.4.2,52656
19,-84.4,192.168.4.12,52672
19,-73.3,192.168.4.3,52672
19,-76.91666666666667,192.168.4.2,52672
19,-69.78571428571429,192.168.4.5,52672
19,-72.41666666666667,192.168.4.11,52672
19,-79.625,192.168.4.9,52672
19,-73.3,192.168.4.3,52688
19,-69.78571428571429,192.168.4.5,52688
19,-84.4,192.168.4.12,52688
19,-79.625,192.168.4.9,52688
19,-85.83333333333333,192.168.4.10,52688
19,-76.91666666666667,192.168.4.2,52688
19,-72.41666666666667,192.168.4.11,52688
19,-69.78571428571429,192.168.4.5,52720
19,-79.625,192.168.4.9,52720
19,-76.91666666666667,192.168.4.2,52720
19,-72.41666666666667,192.168.4.11,52720
19,-73.3,192.168.4.3,52720
19,-76.91666666666667,192.168.4.2,52736
19,-79.625,192.168.4.9,52736
19,-85.83333333333333,192.168.4.10,52736
19,-73.3,192.168.4.3,52736
19,-72.41666666666667,192.168.4.11,52736
19,-69.78571428571429,192.168.4.5,52736
19,-69.78571428571429,192.168.4.5,52752
19,-72.41666666666667,192.168.4.11,52784
19,-69.78571428571429,192.168.4.5,52784
19,-76.91666666666667,192.168.4.2,52784
19,-73.3,192.168.4.3,52784
19,-72.41666666666667,192.168.4.11,52800
19,-72.41666666666667,192.168.4.11,52832
19,-69.78571428571429,192.168.4.5,52832
19,-76.91666666666667,192.168.4.2,52832
19,-69.78571428571429,192.168.4.5,52848
19,-76.91666666666667,192.168.4.2,52848
19,-72.41666666666667,192.168.4.11,52880
19,-85.83333333333333,192.168.4.10,52880
19,-69.78571428571429,192.168.4.5,52880
19,-79.625,192.168.4.9,52880
19,-76.91666666666667,192.168.4.2,52880
19,-84.4,192.168.4.12,52880
19,-73.3,192.168.4.3,52880
19,-76.91666666666667,192.168.4.2,52896
19,-79.625,192.168.4.9,52896
19,-85.83333333333333,192.168.4.10,52896
19,-69.78571428571429,192.168.4.5,52896
19,-73.3,192.168.4.3,52896
19,-84.4,192.168.4.12,52896
19,-72.41666666666667,192.168.4.11,52896
19,-69.78571428571429,192.168.4.5,52912
19,-76.91666666666667,192.168.4.2,52912
19,-73.3,192.168.4.3,52928
19,-85.83333333333333,192.168.4.10,52928
19,-69.78571428571429,192.168.4.5,52928
19,-84.4,192.168.4.12,52928
19,-76.91666666666667,192.168.4.2,52928
19,-79.625,192.168.4.9,52928
19,-72.41666666666667,192.168.4.11,52928
19,-72.41666666666667,192.168.4.11,52944
19,-73.3,192.168.4.3,52944
19,-69.78571428571429,192.168.4.5,52944
20,-81.8,192.168.4.9,52960
20,-74.22222222222223,192.168.4.11,52960
20,-68.0,192.168.4.5,52960
20,-83.625,192.168.4.10,52960
20,-83.625,192.168.4.10,52976
20,-74.22222222222223,192.168.4.11,52976
20,-68.0,192.168.4.5,52976
20,-82.42857142857143,192.168.4.12,52976
20,-81.8,192.168.4.9,52992
20,-74.22222222222223,192.168.4.11,52992
20,-75.0,192.168.4.3,52992
20,-68.0,192.168.4.5,52992
20,-82.42857142857143,192.168.4.12,52992
20,-83.625,192.168.4.10,52992
20,-81.8,192.168.4.9,53008
20,-68.0,192.168.4.5,53008
20,-68.0,192.168.4.5,53024
20,-83.625,192.168.4.10,53072
20,-74.22222222222223,192.168.4.11,53072
20,-68.0,192.168.4.5,53072
20,-82.42857142857143,192.168.4.12,53072
20,-75.0,192.168.4.3,53072
20,-68.0,192.168.4.5,53088
20,-82.42857142857143,192.168.4.12,53104
20,-75.0,192.168.4.3,53104
20,-74.22222222222223,192.168.4.11,53104
20,-82.42857142857143,192.168.4.12,53120
20,-75.0,192.168.4.3,53120
20,-83.625,192.168.4.10,53120
20,-74.22222222222223,192.168.4.11,53120
20,-74.22222222222223,192.168.4.11,53168
20,-81.8,192.168.4.9,53168
20,-82.42857142857143,192.168.4.12,53168
20,-83.625,192.168.4.10,53168
20,-68.0,192.168.4.5,53168
20,-68.0,192.168.4.5,53184
20,-75.0,192.168.4.3,53200
20,-74.22222222222223,192.168.4.11,53200
20,-68.0,192.168.4.5,53200
20,-81.8,192.168.4.9,53200
20,-82.42857142857143,192.168.4.12,53200
20,-83.625,192.168.4.10,53200
20,-68.0,192.168.4.5,53232
20,-83.625,192.168.4.10,53232
20,-68.0,192.168.4.5,53248
20,-74.22222222222223,192.168.4.11,53248
21,-65.93333333333334,192.168.4.5,53264
21,-85.5,192.168.4.10,53296
21,-78.44444444444444,192.168.4.12,53296
21,-65.93333333333334,192.168.4.5,53296
21,-77.66666666666667,192.168.4.9,53296
21,-65.93333333333334,192.168.4.5,53328
21,-77.66666666666667,192.168.4.9,53328
21,-65.93333333333334,192.168.4.5,53344
21,-78.44444444444444,192.168.4.12,53344
21,-77.66666666666667,192.168.4.9,53344
21,-65.93333333333334,192.168.4.5,53360
21,-78.44444444444444,192.168.4.12,53376
21,-72.33333333333333,192.168.4.3,53376
21,-65.93333333333334,192.168.4.5,53376
21,-77.66666666666667,192.168.4.9,53376
21,-71.75,192.168.4.11,53376
21,-71.75,192.168.4.11,53392
21,-77.66666666666667,192.168.4.9,53392
21,-65.93333333333334,192.168.4.5,53392
21,-65.93333333333334,192.168.4.5,53424
21,-78.44444444444444,192.168.4.12,53440
21,-65.93333333333334,192.168.4.5,53440
21,-78.44444444444444,192.168.4.12,53456
21,-65.93333333333334,192.168.4.5,53456
21,-71.75,192.168.4.11,53472
21,-77.66666666666667,192.168.4.9,53472
21,-78.44444444444444,192.168.4.12,53472
21,-65.93333333333334,192.168.4.5,53472
21,-85.5,192.168.4.10,53472
21,-78.44444444444444,192.168.4.12,53488
21,-72.33333333333333,192.168.4.3,53488
21,-71.75,192.168.4.11,53488
21,-65.93333333333334,192.168.4.5,53488
21,-77.66666666666667,192.168.4.9,53488
21,-65.93333333333334,192.168.4.5,53504
21,-78.44444444444444,192.168.4.12,53520
21,-77.66666666666667,192.168.4.9,53520
21,-65.93333333333334,192.168.4.5,53520
21,-85.5,192.168.4.10,53520
21,-77.66666666666667,192.168.4.9,53536
21,-72.33333333333333,192.168.4.3,53536
21,-78.44444444444444,192.168.4.12,53536
21,-85.5,192.168.4.10,53536
21,-65.93333333333334,192.168.4.5,53536
22,-56.142857142857146,192.168.4.5,53568
22,-56.142857142857146,192.168.4.5,53584
22,-76.0,192.168.4.12,53584
22,-56.142857142857146,192.168.4.5,53600
22,-56.142857142857146,192.168.4.5,53616
22,-56.142857142857146,192.168.4.5,53632
22,-56.142857142857146,192.168.4.5,53648
22,-74.5,192.168.4.3,53648
22,-56.142857142857146,192.168.4.5,53664
22,-79.33333333333333,192.168.4.9,53664
22,-56.142857142857146,192.168.4.5,53680
22,-79.33333333333333,192.168.4.9,53696
22,-56.142857142857146,192.168.4.5,53696
22,-56.142857142857146,192.168.4.5,53712
22,-56.142857142857146,192.168.4.5,53728
22,-79.33333333333333,192.168.4.9,53744
22,-78.0,192.168.4.7,53744
22,-56.142857142857146,192.168.4.5,53744
22,-74.5,192.168.4.3,53744
22,-56.142857142857146,192.168.4.5,53760
22,-56.142857142857146,192.168.4.5,53824
23,-54.0,192.168.4.5,53856
23,-54.0,192.168.4.5,53872
23,-83.0,192.168.4.10,53872
23,-80.0,192.168.4.9,53872
23,-83.0,192.168.4.12,53872
23,-70.33333333333333,192.168.4.7,53872
23,-54.0,192.168.4.5,53888
23,-80.0,192.168.4.9,53888
23,-70.33333333333333,192.168.4.7,53888
23,-80.0,192.168.4.9,53904
23,-54.0,192.168.4.5,53904
23,-54.0,192.168.4.5,53920
23,-54.0,192.168.4.5,53936
23,-70.33333333333333,192.168.4.7,53952
23,-54.0,192.168.4.5,53952
23,-80.0,192.168.4.9,53968
23,-54.0,192.168.4.5,53968
23,-54.0,192.168.4.5,54016
23,-54.0,192.168.4.5,54064
23,-54.0,192.168.4.5,54080
23,-80.0,192.168.4.9,54096
23,-54.0,192.168.4.5,54096
23,-83.0,192.168.4.12,54096
23,-70.33333333333333,192.168.4.7,54096
23,-83.0,192.168.4.10,54096
23,-54.0,192.168.4.5,54112
23,-70.33333333333333,192.168.4.7,54128
23,-54.0,192.168.4.5,54128
23,-83.0,192.168.4.10,54144
23,-70.33333333333333,192.168.4.7,54144
23,-54.0,192.168.4.5,54144
23,-80.0,192.168.4.9,54144
23,-82.0,192.168.4.3,54144
24,-68.85714285714286,192.168.4.5,54160
24,-83.36363636363636,192.168.4.9,54160
24,-82.16666666666667,192.168.4.10,54160
24,-80.3,192.168.4.12,54160
24,-70.46666666666667,192.168.4.7,54160
24,-82.72727272727273,192.168.4.2,54160
24,-70.46666666666667,192.168.4.7,54176
24,-68.85714285714286,192.168.4.5,54176
24,-82.16666666666667,192.168.4.10,54192
24,-70.46666666666667,192.168.4.7,54192
24,-68.85714285714286,192.168.4.5,54192
24,-80.3,192.168.4.12,54192
24,-80.3,192.168.4.12,54208
24,-82.72727272727273,192.168.4.2,54208
24,-82.16666666666667,192.168.4.10,54208
24,-70.46666666666667,192.168.4.7,54208
24,-83.36363636363636,192.168.4.9,54208
24,-68.85714285714286,192.168.4.5,54208
24,-82.16666666666667,192.168.4.10,54224
24,-83.36363636363636,192.168.4.9,54224
24,-82.72727272727273,192.168.4.2,54224
24,-70.46666666666667,192.168.4.7,54224
24,-80.3,192.168.4.12,54224
24,-68.85714285714286,192.168.4.5,54224
24,-68.85714285714286,192.168.4.5,54272
24,-82.72727272727273,192.168.4.2,54272
24,-82.16666666666667,192.168.4.10,54272
24,-83.36363636363636,192.168.4.9,54272
24,-80.3,192.168.4.12,54272
24,-70.46666666666667,192.168.4.7,54272
24,-82.16666666666667,192.168.4.10,54304
24,-70.46666666666667,192.168.4.7,54304
24,-68.85714285714286,192.168.4.5,54304
24,-82.72727272727273,192.168.4.2,54304
24,-83.36363636363636,192.168.4.9,54304
24,-80.3,192.168.4.12,54304
24,-83.36363636363636,192.168.4.9,54320
24,-68.85714285714286,192.168.4.5,54320
24,-82.16666666666667,192.168.4.10,54320
24,-82.72727272727273,192.168.4.2,54320
24,-70.46666666666667,192.168.4.7,54320
24,-83.36363636363636,192.168.4.9,54336
24,-80.3,192.168.4.12,54336
24,-82.16666666666667,192.168.4.10,54336
24,-70.46666666666667,192.168.4.7,54336
24,-82.72727272727273,192.168.4.2,54336
24,-68.85714285714286,192.168.4.5,54336
24,-70.46666666666667,192.168.4.7,54352
24,-70.46666666666667,192.168.4.7,54368
24,-80.3,192.168.4.12,54368
24,-82.16666666666667,192.168.4.10,54368
24,-82.72727272727273,192.168.4.2,54368
24,-83.36363636363636,192.168.4.9,54368
24,-70.46666666666667,192.168.4.7,54384
24,-82.16666666666667,192.168.4.10,54384
24,-68.85714285714286,192.168.4.5,54384
24,-82.72727272727273,192.168.4.2,54384
24,-70.46666666666667,192.168.4.7,54400
24,-68.85714285714286,192.168.4.5,54400
24,-68.85714285714286,192.168.4.5,54416
24,-83.36363636363636,192.168.4.9,54416
24,-82.16666666666667,192.168.4.10,54416
24,-80.3,192.168.4.12,54416
24,-82.72727272727273,192.168.4.2,54416
24,-70.46666666666667,192.168.4.7,54416
24,-70.46666666666667,192.168.4.7,54432
24,-83.36363636363636,192.168.4.9,54432
24,-82.72727272727273,192.168.4.2,54432
24,-82.16666666666667,192.168.4.10,54432
24,-79.0,192.168.4.3,54432
24,-68.85714285714286,192.168.4.5,54432
24,-80.3,192.168.4.12,54432
24,-68.85714285714286,192.168.4.5,54448
24,-83.36363636363636,192.168.4.9,54448
25,-81.11111111111111,192.168.4.2,54464
25,-73.11111111111111,192.168.4.5,54464
25,-83.28571428571429,192.168.4.10,54464
25,-70.375,192.168.4.7,54464
25,-81.8,192.168.4.9,54464
25,-83.28571428571429,192.168.4.10,54544
25,-70.375,192.168.4.7,54544
25,-83.28571428571429,192.168.4.12,54544
25,-73.11111111111111,192.168.4.5,54544
25,-70.375,192.168.4.7,54560
25,-73.11111111111111,192.168.4.5,54560
25,-81.11111111111111,192.168.4.2,54560
25,-81.8,192.168.4.9,54560
25,-83.28571428571429,192.168.4.12,54560
25,-83.28571428571429,192.168.4.12,54576
25,-81.11111111111111,192.168.4.2,54576
25,-73.11111111111111,192.168.4.5,54576
25,-83.28571428571429,192.168.4.10,54576
25,-70.375,192.168.4.7,54576
25,-76.0,192.168.4.3,54592
25,-83.28571428571429,192.168.4.12,54592
25,-81.11111111111111,192.168.4.2,54592
25,-83.28571428571429,192.168.4.10,54592
25,-70.375,192.168.4.7,54592
25,-73.11111111111111,192.168.4.5,54592
25,-70.375,192.168.4.7,54608
25,-81.11111111111111,192.168.4.2,54608
25,-83.28571428571429,192.168.4.10,54608
25,-73.11111111111111,192.168.4.5,54608
25,-73.11111111111111,192.168.4.5,54640
25,-81.11111111111111,192.168.4.2,54640
25,-81.8,192.168.4.9,54640
25,-70.375,192.168.4.7,54640
25,-83.28571428571429,192.168.4.12,54640
25,-83.28571428571429,192.168.4.10,54640
25,-70.375,192.168.4.7,54688
25,-81.11111111111111,192.168.4.2,54688
25,-81.8,192.168.4.9,54688
25,-73.11111111111111,192.168.4.5,54720
25,-81.11111111111111,192.168.4.2,54720
25,-83.28571428571429,192.168.4.12,54720
25,-83.28571428571429,192.168.4.10,54736
25,-81.8,192.168.4.9,54736
25,-81.11111111111111,192.168.4.2,54736
25,-83.28571428571429,192.168.4.12,54736
25,-73.11111111111111,192.168.4.5,54736
26,-74.0,192.168.4.5,54752
26,-79.3,192.168.4.12,54752
26,-75.4,192.168.4.3,54752
26,-83.5,192.168.4.9,54752
26,-80.77777777777777,192.168.4.2,54752
26,-83.5,192.168.4.9,54768
26,-80.77777777777777,192.168.4.2,54768
26,-72.33333333333333,192.168.4.11,54768
26,-79.3,192.168.4.12,54768
26,-84.33333333333333,192.168.4.10,54768
26,-79.3,192.168.4.12,54800
26,-72.33333333333333,192.168.4.11,54800
26,-80.77777777777777,192.168.4.2,54800
26,-74.0,192.168.4.5,54800
26,-74.0,192.168.4.5,54864
26,-72.33333333333333,192.168.4.11,54864
26,-80.77777777777777,192.168.4.2,54864
26,-79.3,192.168.4.12,54864
26,-72.33333333333333,192.168.4.11,54896
26,-84.33333333333333,192.168.4.10,54896
26,-79.3,192.168.4.12,54896
26,-74.0,192.168.4.5,54896
26,-83.5,192.168.4.9,54896
26,-80.77777777777777,192.168.4.2,54912
26,-72.33333333333333,192.168.4.11,54912
26,-79.3,192.168.4.12,54912
26,-75.4,192.168.4.3,54912
26,-83.5,192.168.4.9,54912
26,-84.33333333333333,192.168.4.10,54912
26,-74.0,192.168.4.5,54912
26,-79.3,192.168.4.12,54944
26,-74.0,192.168.4.5,54944
26,-84.33333333333333,192.168.4.10,54944
26,-72.33333333333333,192.168.4.11,54944
26,-80.77777777777777,192.168.4.2,54944
26,-75.4,192.168.4.3,54944
26,-83.5,192.168.4.9,54976
26,-74.0,192.168.4.5,54976
26,-72.33333333333333,192.168.4.11,54976
26,-79.3,192.168.4.12,54976
26,-80.77777777777777,192.168.4.2,54976
26,-79.3,192.168.4.12,55008
26,-80.77777777777777,192.168.4.2,55008
26,-84.33333333333333,192.168.4.10,55008
26,-72.33333333333333,192.168.4.11,55008
26,-75.4,192.168.4.3,55008
26,-74.0,192.168.4.5,55008
26,-72.33333333333333,192.168.4.11,55040
26,-74.0,192.168.4.5,55040
26,-75.4,192.168.4.3,55040
26,-79.3,192.168.4.12,55040
26,-84.33333333333333,192.168.4.10,55040
26,-80.77777777777777,192.168.4.2,55040
26,-83.5,192.168.4.9,55040
27,-75.58333333333333,192.168.4.5,55056
27,-80.125,192.168.4.10,55056
27,-70.25,192.168.4.11,55056
27,-75.55555555555556,192.168.4.3,55056
27,-81.77777777777777,192.168.4.12,55056
27,-78.0,192.168.4.9,55088
27,-81.77777777777777,192.168.4.12,55088
27,-70.25,192.168.4.11,55088
27,-75.55555555555556,192.168.4.3,55088
27,-79.1,192.168.4.2,55088
27,-75.58333333333333,192.168.4.5,55088
27,-81.77777777777777,192.168.4.12,55104
27,-78.0,192.168.4.9,55104
27,-70.25,192.168.4.11,55104
27,-79.1,192.168.4.2,55104
27,-75.58333333333333,192.168.4.5,55104
27,-75.55555555555556,192.168.4.3,55104
27,-78.0,192.168.4.9,55120
27,-80.125,192.168.4.10,55120
27,-81.77777777777777,192.168.4.12,55120
27,-75.58333333333333,192.168.4.5,55120
27,-79.1,192.168.4.2,55120
27,-70.25,192.168.4.11,55120
27,-75.55555555555556,192.168.4.3,55120
27,-75.58333333333333,192.168.4.5,55136
27,-75.55555555555556,192.168.4.3,55136
27,-70.25,192.168.4.11,55136
27,-79.1,192.168.4.2,55136
27,-80.125,192.168.4.10,55152
27,-79.1,192.168.4.2,55152
27,-70.25,192.168.4.11,55152
27,-78.0,192.168.4.9,55152
27,-75.58333333333333,192.168.4.5,55184
27,-79.1,192.168.4.2,55184
27,-81.77777777777777,192.168.4.12,55184
27,-75.55555555555556,192.168.4.3,55184
27,-80.125,192.168.4.10,55184
27,-70.25,192.168.4.11,55184
27,-75.58333333333333,192.168.4.5,55216
27,-81.77777777777777,192.168.4.12,55216
27,-80.125,192.168.4.10,55216
27,-70.25,192.168.4.11,55216
27,-79.1,192.168.4.2,55216
27,-78.0,192.168.4.9,55216
27,-75.55555555555556,192.168.4.3,55264
27,-70.25,192.168.4.11,55264
27,-80.125,192.168.4.10,55264
27,-75.58333333333333,192.168.4.5,55264
27,-81.77777777777777,192.168.4.12,55264
27,-78.0,192.168.4.9,55264
27,-70.25,192.168.4.11,55280
27,-75.58333333333333,192.168.4.5,55280
27,-80.125,192.168.4.10,55280
27,-78.0,192.168.4.9,55280
27,-75.55555555555556,192.168.4.3,55280
27,-79.1,192.168.4.2,55280
27,-81.77777777777777,192.168.4.12,55296
27,-80.125,192.168.4.10,55296
27,-78.0,192.168.4.9,55296
27,-70.25,192.168.4.11,55296
27,-79.1,192.168.4.2,55296
27,-75.55555555555556,192.168.4.3,55296
27,-75.58333333333333,192.168.4.5,55296
27,-75.58333333333333,192.168.4.5,55312
27,-78.0,192.168.4.9,55312
27,-81.77777777777777,192.168.4.12,55312
27,-70.25,192.168.4.11,55312
27,-79.1,192.168.4.2,55344
27,-78.0,192.168.4.9,55344
27,-75.58333333333333,192.168.4.5,55344
28,-78.44444444444444,192.168.4.2,55360
28,-78.55555555555556,192.168.4.9,55360
28,-74.22222222222223,192.168.4.11,55360
28,-81.33333333333333,192.168.4.10,55360
28,-79.0,192.168.4.12,55360
28,-78.42857142857143,192.168.4.5,55376
28,-78.44444444444444,192.168.4.2,55376
28,-74.22222222222223,192.168.4.11,55376
28,-81.33333333333333,192.168.4.10,55376
28,-78.55555555555556,192.168.4.9,55376
28,-79.0,192.168.4.12,55376
28,-79.0,192.168.4.12,55392
28,-78.42857142857143,192.168.4.5,55392
28,-78.44444444444444,192.168.4.2,55392
28,-78.55555555555556,192.168.4.9,55392
28,-81.33333333333333,192.168.4.10,55392
28,-74.22222222222223,192.168.4.11,55392
28,-79.0,192.168.4.12,55408
28,-81.33333333333333,192.168.4.10,55408
28,-78.44444444444444,192.168.4.2,55408
28,-78.42857142857143,192.168.4.5,55408
28,-78.55555555555556,192.168.4.9,55408
28,-74.22222222222223,192.168.4.11,55408
28,-78.44444444444444,192.168.4.2,55440
28,-78.55555555555556,192.168.4.9,55440
28,-79.0,192.168.4.12,55440
28,-81.33333333333333,192.168.4.10,55440
28,-78.42857142857143,192.168.4.5,55440
28,-74.22222222222223,192.168.4.11,55440
28,-74.22222222222223,192.168.4.11,55456
28,-78.55555555555556,192.168.4.9,55456
28,-81.33333333333333,192.168.4.10,55456
28,-78.42857142857143,192.168.4.5,55456
28,-78.44444444444444,192.168.4.2,55456
28,-74.22222222222223,192.168.4.11,55472
28,-78.55555555555556,192.168.4.9,55472
28,-79.0,192.168.4.12,55472
28,-78.44444444444444,192.168.4.2,55472
28,-74.0,192.168.4.3,55472
28,-81.33333333333333,192.168.4.10,55472
28,-78.42857142857143,192.168.4.5,55536
28,-78.44444444444444,192.168.4.2,55536
28,-74.22222222222223,192.168.4.11,55536
28,-81.33333333333333,192.168.4.10,55536
28,-78.55555555555556,192.168.4.9,55536
28,-79.0,192.168.4.12,55536
28,-78.42857142857143,192.168.4.5,55648
28,-81.33333333333333,192.168.4.10,55648
28,-78.44444444444444,192.168.4.2,55648
28,-78.55555555555556,192.168.4.9,55648
28,-74.22222222222223,192.168.4.11,55648
28,-79.0,192.168.4.12,55648
29,-80.0,192.168.4.12,55664
29,-76.14285714285714,192.168.4.2,55664
29,-79.0,192.168.4.11,55664
29,-77.11111111111111,192.168.4.5,55664
29,-82.25,192.168.4.10,55664
29,-77.0909090909091,192.168.4.9,55664
29,-80.0,192.168.4.12,55680
29,-82.25,192.168.4.10,55680
29,-77.0909090909091,192.168.4.9,55680
29,-77.11111111111111,192.168.4.5,55680
29,-79.0,192.168.4.11,55680
29,-76.14285714285714,192.168.4.2,55680
29,-77.0909090909091,192.168.4.9,55696
29,-77.11111111111111,192.168.4.5,55696
29,-76.14285714285714,192.168.4.2,55696
29,-80.0,192.168.4.12,55696
29,-82.25,192.168.4.10,55712
29,-76.14285714285714,192.168.4.2,55712
29,-77.0909090909091,192.168.4.9,55712
29,-80.0,192.168.4.12,55712
29,-79.0,192.168.4.11,55712
29,-77.11111111111111,192.168.4.5,55712
29,-76.14285714285714,192.168.4.2,55744
29,-80.0,192.168.4.12,55744
29,-79.0,192.168.4.11,55744
29,-77.0909090909091,192.168.4.9,55744
29,-82.25,192.168.4.10,55744
29,-82.25,192.168.4.10,55760
29,-77.0909090909091,192.168.4.9,55760
29,-80.0,192.168.4.12,55760
29,-76.14285714285714,192.168.4.2,55760
29,-77.11111111111111,192.168.4.5,55776
29,-82.25,192.168.4.10,55776
29,-80.0,192.168.4.12,55776
29,-76.14285714285714,192.168.4.2,55776
29,-79.0,192.168.4.11,55776
29,-77.0909090909091,192.168.4.9,55776
29,-80.0,192.168.4.12,55792
29,-79.0,192.168.4.11,55792
29,-77.0909090909091,192.168.4.9,55792
29,-82.25,192.168.4.10,55792
29,-76.14285714285714,192.168.4.2,55792
29,-77.0909090909091,192.168.4.9,55808
29,-80.0,192.168.4.12,55808
29,-77.11111111111111,192.168.4.5,55808
29,-81.25,192.168.4.6,55808
29,-82.25,192.168.4.10,55808
29,-79.0,192.168.4.11,55808
29,-76.14285714285714,192.168.4.2,55808
29,-79.0,192.168.4.11,55840
29,-80.0,192.168.4.12,55840
29,-81.25,192.168.4.6,55840
29,-77.0909090909091,192.168.4.9,55840
29,-79.5,192.168.4.3,55840
29,-76.14285714285714,192.168.4.2,55840
29,-77.11111111111111,192.168.4.5,55840
29,-82.25,192.168.4.10,55840
29,-79.5,192.168.4.3,55856
29,-82.25,192.168.4.10,55856
29,-76.14285714285714,192.168.4.2,55856
29,-79.0,192.168.4.11,55856
29,-80.0,192.168.4.12,55856
29,-77.11111111111111,192.168.4.5,55856
29,-81.25,192.168.4.6,55856
29,-80.0,192.168.4.12,55872
29,-77.0909090909091,192.168.4.9,55872
29,-77.11111111111111,192.168.4.5,55872
29,-82.25,192.168.4.10,55872
29,-81.25,192.168.4.6,55872
29,-79.0,192.168.4.11,55872
29,-76.14285714285714,192.168.4.2,55872
29,-76.14285714285714,192.168.4.2,55888
29,-82.25,192.168.4.10,55936
29,-76.14285714285714,192.168.4.2,55936
30,-81.125,192.168.4.6,55952
30,-76.875,192.168.4.2,55952
30,-77.66666666666667,192.168.4.9,55952
30,-80.0,192.168.4.11,55952
30,-79.125,192.168.4.10,55952
30,-79.14285714285714,192.168.4.5,55952
30,-76.875,192.168.4.2,55968
30,-81.125,192.168.4.6,55968
30,-77.66666666666667,192.168.4.9,55968
30,-80.0,192.168.4.11,55968
30,-79.125,192.168.4.10,55968
30,-76.25,192.168.4.12,56000
30,-77.66666666666667,192.168.4.9,56000
30,-80.0,192.168.4.11,56000
30,-79.14285714285714,192.168.4.5,56000
30,-76.875,192.168.4.2,56000
30,-81.125,192.168.4.6,56000
30,-76.875,192.168.4.2,56032
30,-82.0,192.168.4.3,56032
30,-76.25,192.168.4.12,56032
30,-79.125,192.168.4.10,56032
30,-77.66666666666667,192.168.4.9,56032
30,-80.0,192.168.4.11,56032
30,-79.14285714285714,192.168.4.5,56032
30,-81.125,192.168.4.6,56032
30,-80.0,192.168.4.11,56064
30,-79.125,192.168.4.10,56064
30,-79.14285714285714,192.168.4.5,56064
30,-76.875,192.168.4.2,56064
30,-76.25,192.168.4.12,56064
30,-77.66666666666667,192.168.4.9,56064
30,-81.125,192.168.4.6,56064
30,-77.66666666666667,192.168.4.9,56096
30,-76.25,192.168.4.12,56096
30,-76.875,192.168.4.2,56096
30,-79.125,192.168.4.10,56096
30,-80.0,192.168.4.11,56144
30,-76.25,192.168.4.12,56144
30,-77.66666666666667,192.168.4.9,56144
30,-79.14285714285714,192.168.4.5,56144
30,-79.125,192.168.4.10,56144
30,-76.875,192.168.4.2,56144
30,-81.125,192.168.4.6,56144
30,-76.875,192.168.4.2,56208
30,-77.66666666666667,192.168.4.9,56208
30,-79.14285714285714,192.168.4.5,56208
30,-76.25,192.168.4.12,56208
30,-79.125,192.168.4.10,56208
30,-81.125,192.168.4.6,56208
30,-77.66666666666667,192.168.4.9,56224
30,-79.14285714285714,192.168.4.5,56224
30,-80.0,192.168.4.11,56224
30,-81.125,192.168.4.6,56224
30,-79.125,192.168.4.10,56224
30,-76.25,192.168.4.12,56224
30,-76.25,192.168.4.12,56240
31,-75.27272727272727,192.168.4.10,56256
31,-80.8,192.168.4.11,56256
31,-81.38461538461539,192.168.4.2,56256
31,-84.11111111111111,192.168.4.6,56256
31,-79.75,192.168.4.12,56256
31,-79.0,192.168.4.5,56256
31,-74.91666666666667,192.168.4.9,56256
31,-79.75,192.168.4.12,56272
31,-79.0,192.168.4.5,56272
31,-74.91666666666667,192.168.4.9,56272
31,-80.8,192.168.4.11,56272
31,-75.27272727272727,192.168.4.10,56272
31,-84.11111111111111,192.168.4.6,56272
31,-81.38461538461539,192.168.4.2,56272
31,-74.91666666666667,192.168.4.9,56288
31,-75.27272727272727,192.168.4.10,56288
31,-79.0,192.168.4.5,56288
31,-81.38461538461539,192.168.4.2,56288
31,-74.91666666666667,192.168.4.9,56304
31,-75.27272727272727,192.168.4.10,56304
31,-81.38461538461539,192.168.4.2,56304
31,-80.8,192.168.4.11,56304
31,-79.0,192.168.4.5,56304
31,-84.11111111111111,192.168.4.6,56304
31,-79.75,192.168.4.12,56304
31,-81.38461538461539,192.168.4.2,56320
31,-75.27272727272727,192.168.4.10,56320
31,-74.91666666666667,192.168.4.9,56320
31,-84.11111111111111,192.168.4.6,56320
31,-80.8,192.168.4.11,56320
31,-79.0,192.168.4.5,56336
31,-81.38461538461539,192.168.4.2,56336
31,-75.27272727272727,192.168.4.10,56336
31,-74.91666666666667,192.168.4.9,56336
31,-84.11111111111111,192.168.4.6,56336
31,-80.8,192.168.4.11,56336
31,-74.91666666666667,192.168.4.9,56352
31,-68.85714285714286,192.168.4.7,56352
31,-81.38461538461539,192.168.4.2,56352
31,-79.75,192.168.4.12,56352
31,-75.27272727272727,192.168.4.10,56352
31,-75.27272727272727,192.168.4.10,56368
31,-80.8,192.168.4.11,56368
31,-68.85714285714286,192.168.4.7,56368
31,-74.91666666666667,192.168.4.9,56368
31,-79.75,192.168.4.12,56368
31,-81.38461538461539,192.168.4.2,56368
31,-75.27272727272727,192.168.4.10,56384
31,-79.0,192.168.4.5,56384
31,-84.11111111111111,192.168.4.6,56384
31,-68.85714285714286,192.168.4.7,56384
31,-74.91666666666667,192.168.4.9,56384
31,-81.38461538461539,192.168.4.2,56384
31,-79.75,192.168.4.12,56384
31,-84.11111111111111,192.168.4.6,56448
31,-75.27272727272727,192.168.4.10,56448
31,-74.91666666666667,192.168.4.9,56448
31,-81.38461538461539,192.168.4.2,56448
31,-68.85714285714286,192.168.4.7,56448
31,-80.8,192.168.4.11,56448
31,-68.85714285714286,192.168.4.7,56464
31,-80.8,192.168.4.11,56464
31,-81.38461538461539,192.168.4.2,56464
31,-79.0,192.168.4.5,56464
31,-81.38461538461539,192.168.4.2,56512
31,-80.8,192.168.4.11,56512
31,-84.11111111111111,192.168.4.6,56512
31,-79.75,192.168.4.12,56512
31,-74.91666666666667,192.168.4.9,56512
31,-79.0,192.168.4.5,56512
31,-68.85714285714286,192.168.4.7,56512
31,-75.27272727272727,192.168.4.10,56512
31,-84.11111111111111,192.168.4.6,56544
31,-79.75,192.168.4.12,56544
31,-68.85714285714286,192.168.4.7,56544
31,-74.91666666666667,192.168.4.9,56544
31,-80.8,192.168.4.11,56544
31,-79.0,192.168.4.5,56544
31,-81.38461538461539,192.168.4.2,56544
32,-64.5,192.168.4.7,56560
32,-73.0,192.168.4.9,56560
32,-83.33333333333333,192.168.4.2,56576
32,-87.2,192.168.4.11,56576
32,-64.5,192.168.4.7,56576
32,-81.6,192.168.4.5,56576
32,-73.0,192.168.4.9,56576
32,-73.125,192.168.4.10,56576
32,-77.14285714285714,192.168.4.12,56576
32,-78.71428571428571,192.168.4.6,56576
32,-87.2,192.168.4.11,56608
32,-64.5,192.168.4.7,56608
32,-73.0,192.168.4.9,56608
32,-78.71428571428571,192.168.4.6,56608
32,-77.14285714285714,192.168.4.12,56608
32,-83.33333333333333,192.168.4.2,56608
32,-73.125,192.168.4.10,56608
32,-73.125,192.168.4.10,56640
32,-64.5,192.168.4.7,56640
32,-77.14285714285714,192.168.4.12,56640
32,-78.71428571428571,192.168.4.6,56640
32,-73.0,192.168.4.9,56640
32,-78.71428571428571,192.168.4.6,56688
32,-73.125,192.168.4.10,56688
32,-87.2,192.168.4.11,56688
32,-77.14285714285714,192.168.4.12,56688
32,-73.0,192.168.4.9,56688
32,-83.33333333333333,192.168.4.2,56688
32,-64.5,192.168.4.7,56688
32,-73.125,192.168.4.10,56720
32,-81.6,192.168.4.5,56720
32,-64.5,192.168.4.7,56720
32,-73.0,192.168.4.9,56720
32,-87.2,192.168.4.11,56752
32,-81.6,192.168.4.5,56752
32,-78.71428571428571,192.168.4.6,56752
32,-83.33333333333333,192.168.4.2,56752
32,-64.5,192.168.4.7,56752
32,-73.125,192.168.4.10,56752
32,-77.14285714285714,192.168.4.12,56752
32,-73.0,192.168.4.9,56752
32,-64.5,192.168.4.7,56784
32,-73.125,192.168.4.10,56784
32,-78.71428571428571,192.168.4.6,56784
32,-83.33333333333333,192.168.4.2,56832
32,-73.125,192.168.4.10,56832
32,-78.71428571428571,192.168.4.6,56832
32,-87.2,192.168.4.11,56832
32,-77.14285714285714,192.168.4.12,56832
32,-81.6,192.168.4.5,56832
32,-64.5,192.168.4.7,56832
32,-73.0,192.168.4.9,56832
32,-73.0,192.168.4.9,56848
32,-83.33333333333333,192.168.4.2,56848
32,-64.5,192.168.4.7,56848
32,-77.14285714285714,192.168.4.12,56848
32,-81.0,192.168.4.3,56848
32,-81.6,192.168.4.5,56848
33,-72.07142857142857,192.168.4.10,56864
33,-58.0,192.168.4.7,56864
33,-81.1,192.168.4.11,56864
33,-73.33333333333333,192.168.4.9,56864
33,-81.44444444444444,192.168.4.5,56864
33,-78.61538461538461,192.168.4.2,56864
33,-77.125,192.168.4.12,56864
33,-72.07142857142857,192.168.4.10,56880
33,-77.125,192.168.4.12,56880
33,-78.61538461538461,192.168.4.2,56880
33,-58.0,192.168.4.7,56880
33,-81.1,192.168.4.11,56880
33,-78.61538461538461,192.168.4.2,56896
33,-73.33333333333333,192.168.4.9,56896
33,-58.0,192.168.4.7,56896
33,-72.07142857142857,192.168.4.10,56896
33,-81.1,192.168.4.11,56896
33,-81.44444444444444,192.168.4.5,56896
33,-80.0,192.168.4.6,56896
33,-58.0,192.168.4.7,56912
33,-72.07142857142857,192.168.4.10,56912
33,-73.33333333333333,192.168.4.9,56912
33,-77.125,192.168.4.12,56912
33,-80.0,192.168.4.6,56912
33,-81.44444444444444,192.168.4.5,56912
33,-81.1,192.168.4.11,56912
33,-78.61538461538461,192.168.4.2,56912
33,-73.33333333333333,192.168.4.9,56928
33,-58.0,192.168.4.7,56928
33,-81.1,192.168.4.11,56928
33,-72.07142857142857,192.168.4.10,56928
33,-78.61538461538461,192.168.4.2,56928
33,-77.125,192.168.4.12,56928
33,-58.0,192.168.4.7,56944
33,-73.33333333333333,192.168.4.9,56944
33,-80.0,192.168.4.6,56944
33,-78.61538461538461,192.168.4.2,56944
33,-72.07142857142857,192.168.4.10,56944
33,-80.0,192.168.4.6,56960
33,-81.44444444444444,192.168.4.5,56960
33,-78.61538461538461,192.168.4.2,56960
33,-58.0,192.168.4.7,56960
33,-73.33333333333333,192.168.4.9,56960
33,-72.07142857142857,192.168.4.10,56960
33,-77.125,192.168.4.12,56976
33,-73.33333333333333,192.168.4.9,56976
33,-78.61538461538461,192.168.4.2,56976
33,-58.0,192.168.4.7,56976
33,-72.07142857142857,192.168.4.10,56976
33,-81.1,192.168.4.11,56976
33,-81.44444444444444,192.168.4.5,56976
33,-80.0,192.168.4.6,56976
33,-72.07142857142857,192.168.4.10,56992
33,-80.0,192.168.4.6,56992
33,-58.0,192.168.4.7,56992
33,-78.61538461538461,192.168.4.2,56992
33,-81.1,192.168.4.11,56992
33,-81.44444444444444,192.168.4.5,56992
33,-73.33333333333333,192.168.4.9,56992
33,-58.0,192.168.4.7,57008
33,-78.61538461538461,192.168.4.2,57008
33,-81.1,192.168.4.11,57008
33,-81.44444444444444,192.168.4.5,57008
33,-72.07142857142857,192.168.4.10,57008
33,-73.33333333333333,192.168.4.9,57024
33,-81.1,192.168.4.11,57024
33,-77.125,192.168.4.12,57024
33,-78.61538461538461,192.168.4.2,57024
33,-58.0,192.168.4.7,57024
33,-80.0,192.168.4.6,57024
33,-72.07142857142857,192.168.4.10,57024
33,-78.61538461538461,192.168.4.2,57072
33,-81.1,192.168.4.11,57072
33,-58.0,192.168.4.7,57072
33,-81.44444444444444,192.168.4.5,57072
33,-80.0,192.168.4.6,57072
33,-72.07142857142857,192.168.4.10,57072
33,-58.0,192.168.4.7,57088
33,-73.33333333333333,192.168.4.9,57088
33,-72.07142857142857,192.168.4.10,57088
33,-77.125,192.168.4.12,57088
33,-78.61538461538461,192.168.4.2,57104
33,-73.33333333333333,192.168.4.9,57104
33,-72.07142857142857,192.168.4.10,57120
33,-77.125,192.168.4.12,57120
33,-73.33333333333333,192.168.4.9,57120
33,-81.44444444444444,192.168.4.5,57120
34,-68.46153846153847,192.168.4.10,57152
34,-82.625,192.168.4.2,57152
34,-69.6923076923077,192.168.4.9,57152
34,-69.6923076923077,192.168.4.9,57168
34,-68.46153846153847,192.168.4.10,57168
34,-80.14285714285714,192.168.4.6,57168
34,-82.625,192.168.4.2,57184
34,-81.88888888888889,192.168.4.5,57184
34,-69.6923076923077,192.168.4.9,57184
34,-68.46153846153847,192.168.4.10,57184
34,-85.33333333333333,192.168.4.11,57200
34,-80.14285714285714,192.168.4.6,57200
34,-75.57142857142857,192.168.4.12,57200
34,-82.625,192.168.4.2,57200
34,-69.6923076923077,192.168.4.9,57200
34,-68.46153846153847,192.168.4.10,57200
34,-81.88888888888889,192.168.4.5,57200
34,-69.6923076923077,192.168.4.9,57216
34,-68.46153846153847,192.168.4.10,57216
34,-75.57142857142857,192.168.4.12,57216
34,-81.88888888888889,192.168.4.5,57216
34,-81.88888888888889,192.168.4.5,57232
34,-80.14285714285714,192.168.4.6,57232
34,-82.625,192.168.4.2,57232
34,-69.6923076923077,192.168.4.9,57232
34,-68.46153846153847,192.168.4.10,57232
34,-75.57142857142857,192.168.4.12,57232
34,-85.33333333333333,192.168.4.11,57232
34,-82.625,192.168.4.2,57248
34,-69.6923076923077,192.168.4.9,57248
34,-81.88888888888889,192.168.4.5,57248
34,-68.46153846153847,192.168.4.10,57248
34,-80.14285714285714,192.168.4.6,57248
34,-75.57142857142857,192.168.4.12,57248
34,-69.6923076923077,192.168.4.9,57264
34,-81.88888888888889,192.168.4.5,57264
34,-85.33333333333333,192.168.4.11,57264
34,-82.625,192.168.4.2,57264
34,-68.46153846153847,192.168.4.10,57264
34,-80.14285714285714,192.168.4.6,57264
34,-75.57142857142857,192.168.4.12,57264
34,-68.46153846153847,192.168.4.10,57312
34,-81.88888888888889,192.168.4.5,57312
34,-69.6923076923077,192.168.4.9,57312
34,-80.14285714285714,192.168.4.6,57312
34,-82.625,192.168.4.2,57312
34,-85.33333333333333,192.168.4.11,57312
34,-75.57142857142857,192.168.4.12,57392
34,-69.6923076923077,192.168.4.9,57392
34,-68.46153846153847,192.168.4.10,57392
34,-82.625,192.168.4.2,57392
34,-81.88888888888889,192.168.4.5,57392
34,-85.33333333333333,192.168.4.11,57392
34,-68.46153846153847,192.168.4.10,57408
34,-69.6923076923077,192.168.4.9,57408
34,-69.6923076923077,192.168.4.9,57424
34,-85.33333333333333,192.168.4.11,57424
34,-81.88888888888889,192.168.4.5,57424
34,-68.46153846153847,192.168.4.10,57424
34,-68.46153846153847,192.168.4.10,57440
34,-75.57142857142857,192.168.4.12,57440
34,-69.6923076923077,192.168.4.9,57440
34,-80.14285714285714,192.168.4.6,57440
35,-85.2,192.168.4.11,57456
35,-69.57142857142857,192.168.4.10,57456
35,-77.77777777777777,192.168.4.6,57456
35,-69.66666666666667,192.168.4.9,57456
35,-69.66666666666667,192.168.4.9,57472
35,-74.2,192.168.4.12,57472
35,-69.57142857142857,192.168.4.10,57472
35,-69.57142857142857,192.168.4.10,57488
35,-69.66666666666667,192.168.4.9,57488
35,-69.57142857142857,192.168.4.10,57504
35,-74.2,192.168.4.12,57504
35,-69.66666666666667,192.168.4.9,57504
35,-69.66666666666667,192.168.4.9,57520
35,-74.2,192.168.4.12,57520
35,-69.57142857142857,192.168.4.10,57520
35,-69.57142857142857,192.168.4.10,57536
35,-74.2,192.168.4.12,57536
35,-69.66666666666667,192.168.4.9,57568
35,-69.57142857142857,192.168.4.10,57568
35,-77.77777777777777,192.168.4.6,57568
35,-74.2,192.168.4.12,57584
35,-77.77777777777777,192.168.4.6,57584
35,-77.77777777777777,192.168.4.6,57600
35,-80.25,192.168.4.5,57600
35,-69.57142857142857,192.168.4.10,57600
35,-69.66666666666667,192.168.4.9,57600
35,-69.57142857142857,192.168.4.10,57616
35,-69.66666666666667,192.168.4.9,57616
35,-85.2,192.168.4.11,57616
35,-80.25,192.168.4.5,57616
35,-82.75,192.168.4.2,57616
35,-77.77777777777777,192.168.4.6,57616
35,-69.66666666666667,192.168.4.9,57632
35,-85.2,192.168.4.11,57632
35,-77.77777777777777,192.168.4.6,57632
35,-69.57142857142857,192.168.4.10,57632
35,-82.75,192.168.4.2,57632
35,-69.66666666666667,192.168.4.9,57680
35,-77.77777777777777,192.168.4.6,57680
35,-82.75,192.168.4.2,57680
35,-69.57142857142857,192.168.4.10,57680
35,-80.25,192.168.4.5,57680
35,-85.2,192.168.4.11,57680
35,-80.25,192.168.4.5,57696
35,-69.57142857142857,192.168.4.10,57696
35,-77.77777777777777,192.168.4.6,57696
35,-69.66666666666667,192.168.4.9,57696
35,-82.75,192.168.4.2,57696
35,-85.2,192.168.4.11,57696
35,-69.57142857142857,192.168.4.10,57712
35,-69.66666666666667,192.168.4.9,57744
35,-77.77777777777777,192.168.4.6,57744
35,-69.57142857142857,192.168.4.10,57744
36,-70.0909090909091,192.168.4.9,57776
36,-75.0,192.168.4.6,57776
36,-68.45454545454545,192.168.4.10,57776
36,-84.8,192.168.4.11,57808
36,-70.0909090909091,192.168.4.9,57808
36,-75.0,192.168.4.6,57808
36,-68.45454545454545,192.168.4.10,57808
36,-83.16666666666667,192.168.4.2,57808
36,-70.0909090909091,192.168.4.9,57824
36,-68.45454545454545,192.168.4.10,57824
36,-75.0,192.168.4.6,57824
36,-81.66666666666667,192.168.4.5,57856
36,-75.0,192.168.4.6,57856
36,-70.0909090909091,192.168.4.9,57856
36,-68.45454545454545,192.168.4.10,57856
36,-68.45454545454545,192.168.4.10,57904
36,-83.16666666666667,192.168.4.2,57904
36,-70.0909090909091,192.168.4.9,57904
36,-81.66666666666667,192.168.4.5,57968
36,-70.0909090909091,192.168.4.9,57968
36,-83.16666666666667,192.168.4.2,57968
36,-68.45454545454545,192.168.4.10,57968
36,-70.0909090909091,192.168.4.9,57984
36,-81.66666666666667,192.168.4.5,57984
36,-75.0,192.168.4.6,57984
36,-68.45454545454545,192.168.4.10,57984
36,-68.45454545454545,192.168.4.10,58000
36,-70.0909090909091,192.168.4.9,58000
36,-81.66666666666667,192.168.4.5,58000
36,-75.0,192.168.4.6,58000
36,-84.8,192.168.4.11,58000
36,-69.66666666666667,192.168.4.7,58000
36,-75.0,192.168.4.6,58016
36,-83.16666666666667,192.168.4.2,58016
36,-70.0909090909091,192.168.4.9,58016
36,-69.66666666666667,192.168.4.7,58016
36,-84.8,192.168.4.11,58016
36,-68.45454545454545,192.168.4.10,58016
36,-70.0909090909091,192.168.4.9,58032
36,-75.0,192.168.4.6,58032
36,-83.16666666666667,192.168.4.2,58032
36,-81.66666666666667,192.168.4.5,58032
36,-84.8,192.168.4.11,58032
36,-69.66666666666667,192.168.4.7,58032
36,-68.45454545454545,192.168.4.10,58032
36,-75.0,192.168.4.6,58048
36,-84.8,192.168.4.11,58048
36,-83.16666666666667,192.168.4.2,58048
36,-68.45454545454545,192.168.4.10,58048
36,-70.0909090909091,192.168.4.9,58048
36,-81.66666666666667,192.168.4.5,58048
37,-79.5,192.168.4.5,58064
37,-78.0909090909091,192.168.4.7,58064
37,-84.2,192.168.4.11,58064
37,-75.07692307692308,192.168.4.6,58064
37,-69.84615384615384,192.168.4.10,58064
37,-70.42857142857143,192.168.4.9,58064
37,-86.85714285714286,192.168.4.2,58064
37,-84.2,192.168.4.11,58080
37,-79.5,192.168.4.5,58080
37,-78.0909090909091,192.168.4.7,58080
37,-69.84615384615384,192.168.4.10,58080
37,-70.42857142857143,192.168.4.9,58080
37,-75.07692307692308,192.168.4.6,58080
37,-86.85714285714286,192.168.4.2,58080
37,-78.0909090909091,192.168.4.7,58096
37,-79.5,192.168.4.5,58096
37,-84.2,192.168.4.11,58096
37,-75.07692307692308,192.168.4.6,58096
37,-69.84615384615384,192.168.4.10,58096
37,-86.85714285714286,192.168.4.2,58096
37,-70.42857142857143,192.168.4.9,58096
37,-86.85714285714286,192.168.4.2,58112
37,-84.2,192.168.4.11,58112
37,-78.0909090909091,192.168.4.7,58112
37,-75.07692307692308,192.168.4.6,58112
37,-69.84615384615384,192.168.4.10,58112
37,-70.42857142857143,192.168.4.9,58112
37,-79.5,192.168.4.5,58128
37,-69.84615384615384,192.168.4.10,58128
37,-78.0909090909091,192.168.4.7,58128
37,-75.07692307692308,192.168.4.6,58128
37,-70.42857142857143,192.168.4.9,58128
37,-75.07692307692308,192.168.4.6,58176
37,-69.84615384615384,192.168.4.10,58176
37,-70.42857142857143,192.168.4.9,58176
37,-75.07692307692308,192.168.4.6,58192
37,-70.42857142857143,192.168.4.9,58192
37,-69.84615384615384,192.168.4.10,58192
37,-78.0909090909091,192.168.4.7,58192
37,-75.07692307692308,192.168.4.6,58208
37,-78.0909090909091,192.168.4.7,58208
37,-70.42857142857143,192.168.4.9,58208
37,-86.85714285714286,192.168.4.2,58208
37,-79.5,192.168.4.5,58208
37,-84.2,192.168.4.11,58208
37,-69.84615384615384,192.168.4.10,58208
37,-75.07692307692308,192.168.4.6,58224
37,-69.84615384615384,192.168.4.10,58224
37,-78.0909090909091,192.168.4.7,58224
37,-70.42857142857143,192.168.4.9,58224
37,-70.42857142857143,192.168.4.9,58240
37,-78.0909090909091,192.168.4.7,58240
37,-69.84615384615384,192.168.4.10,58240
37,-75.07692307692308,192.168.4.6,58240
37,-75.07692307692308,192.168.4.6,58272
37,-70.42857142857143,192.168.4.9,58272
37,-69.84615384615384,192.168.4.10,58272
37,-79.5,192.168.4.5,58288
37,-78.0909090909091,192.168.4.7,58288
37,-70.42857142857143,192.168.4.9,58288
37,-69.84615384615384,192.168.4.10,58304
37,-70.42857142857143,192.168.4.9,58304
37,-79.5,192.168.4.5,58304
37,-75.07692307692308,192.168.4.6,58304
37,-86.85714285714286,192.168.4.2,58304
37,-75.07692307692308,192.168.4.6,58320
37,-69.84615384615384,192.168.4.10,58320
37,-70.42857142857143,192.168.4.9,58320
37,-78.0909090909091,192.168.4.7,58320
37,-79.5,192.168.4.5,58320
37,-86.85714285714286,192.168.4.2,58320
38,-73.08333333333333,192.168.4.6,58352
38,-78.88888888888889,192.168.4.5,58352
38,-73.75,192.168.4.9,58368
38,-72.63636363636364,192.168.4.10,58368
38,-73.08333333333333,192.168.4.6,58400
38,-84.5,192.168.4.11,58448
38,-87.55555555555556,192.168.4.2,58448
38,-73.08333333333333,192.168.4.6,58448
38,-73.75,192.168.4.9,58448
38,-84.5,192.168.4.11,58464
38,-87.55555555555556,192.168.4.2,58464
38,-73.08333333333333,192.168.4.6,58464
38,-78.88888888888889,192.168.4.5,58464
38,-72.63636363636364,192.168.4.10,58464
38,-79.0,192.168.4.7,58464
38,-73.75,192.168.4.9,58464
38,-72.63636363636364,192.168.4.10,58480
38,-73.08333333333333,192.168.4.6,58480
38,-73.75,192.168.4.9,58480
38,-84.5,192.168.4.11,58480
38,-79.0,192.168.4.7,58480
38,-87.55555555555556,192.168.4.2,58480
38,-72.63636363636364,192.168.4.10,58496
38,-73.75,192.168.4.9,58496
38,-84.5,192.168.4.11,58512
38,-73.75,192.168.4.9,58512
38,-79.0,192.168.4.7,58512
38,-73.08333333333333,192.168.4.6,58512
38,-78.88888888888889,192.168.4.5,58512
38,-87.55555555555556,192.168.4.2,58512
38,-72.63636363636364,192.168.4.10,58512
38,-84.5,192.168.4.11,58528
38,-73.08333333333333,192.168.4.6,58528
38,-87.55555555555556,192.168.4.2,58528
38,-72.63636363636364,192.168.4.10,58528
38,-79.0,192.168.4.7,58528
38,-78.88888888888889,192.168.4.5,58528
38,-73.75,192.168.4.9,58528
38,-72.63636363636364,192.168.4.10,58560
38,-73.08333333333333,192.168.4.6,58560
38,-79.0,192.168.4.7,58560
38,-78.88888888888889,192.168.4.5,58560
38,-87.55555555555556,192.168.4.2,58560
38,-73.75,192.168.4.9,58560
38,-73.08333333333333,192.168.4.6,58576
38,-79.0,192.168.4.7,58576
38,-73.75,192.168.4.9,58576
38,-87.55555555555556,192.168.4.2,58576
38,-78.88888888888889,192.168.4.5,58576
38,-72.63636363636364,192.168.4.10,58576
38,-84.5,192.168.4.11,58576
38,-78.88888888888889,192.168.4.5,58592
38,-72.63636363636364,192.168.4.10,58592
38,-73.08333333333333,192.168.4.6,58592
38,-79.0,192.168.4.7,58592
38,-73.75,192.168.4.9,58592
38,-73.75,192.168.4.9,58608
38,-87.55555555555556,192.168.4.2,58608
38,-84.5,192.168.4.11,58608
38,-73.08333333333333,192.168.4.6,58608
38,-72.63636363636364,192.168.4.10,58608
38,-78.88888888888889,192.168.4.5,58608
38,-73.08333333333333,192.168.4.6,58640
38,-78.88888888888889,192.168.4.5,58640
38,-73.75,192.168.4.9,58640
38,-79.0,192.168.4.7,58640
38,-84.5,192.168.4.11,58640
38,-87.55555555555556,192.168.4.2,58640
38,-72.63636363636364,192.168.4.10,58640
39,-82.0,192.168.4.5,58688
39,-66.35714285714286,192.168.4.10,58688
39,-72.92307692307692,192.168.4.6,58688
39,-76.41666666666667,192.168.4.9,58688
39,-85.5,192.168.4.11,58688
39,-87.0,192.168.4.2,58688
39,-72.92307692307692,192.168.4.6,58720
39,-85.5,192.168.4.11,58720
39,-82.0,192.168.4.5,58720
39,-66.35714285714286,192.168.4.10,58720
39,-87.0,192.168.4.2,58720
39,-76.41666666666667,192.168.4.9,58720
39,-76.41666666666667,192.168.4.9,58736
39,-66.35714285714286,192.168.4.10,58736
39,-82.2,192.168.4.7,58736
39,-72.92307692307692,192.168.4.6,58736
39,-85.5,192.168.4.11,58736
39,-82.0,192.168.4.5,58736
39,-72.92307692307692,192.168.4.6,58752
39,-82.0,192.168.4.5,58752
39,-87.0,192.168.4.2,58752
39,-66.35714285714286,192.168.4.10,58752
39,-76.41666666666667,192.168.4.9,58752
39,-72.92307692307692,192.168.4.6,58768
39,-82.0,192.168.4.5,58768
39,-87.0,192.168.4.2,58768
39,-66.35714285714286,192.168.4.10,58768
39,-76.41666666666667,192.168.4.9,58768
39,-85.5,192.168.4.11,58768
39,-82.0,192.168.4.5,58784
39,-87.0,192.168.4.2,58784
39,-76.41666666666667,192.168.4.9,58784
39,-72.92307692307692,192.168.4.6,58784
39,-85.5,192.168.4.11,58784
39,-66.35714285714286,192.168.4.10,58784
39,-76.41666666666667,192.168.4.9,58800
39,-72.92307692307692,192.168.4.6,58800
39,-82.0,192.168.4.5,58800
39,-66.35714285714286,192.168.4.10,58800
39,-85.5,192.168.4.11,58816
39,-76.41666666666667,192.168.4.9,58816
39,-82.2,192.168.4.7,58816
39,-72.92307692307692,192.168.4.6,58816
39,-66.35714285714286,192.168.4.10,58816
39,-76.41666666666667,192.168.4.9,58832
39,-82.2,192.168.4.7,58832
39,-66.35714285714286,192.168.4.10,58832
39,-82.0,192.168.4.5,58832
39,-85.5,192.168.4.11,58832
39,-72.92307692307692,192.168.4.6,58832
39,-85.5,192.168.4.11,58848
39,-76.41666666666667,192.168.4.9,58848
39,-87.0,192.168.4.2,58848
39,-82.2,192.168.4.7,58848
39,-66.35714285714286,192.168.4.10,58848
39,-72.92307692307692,192.168.4.6,58848
39,-82.0,192.168.4.5,58848
39,-82.0,192.168.4.5,58864
39,-87.0,192.168.4.2,58864
39,-76.41666666666667,192.168.4.9,58864
39,-72.92307692307692,192.168.4.6,58864
39,-85.5,192.168.4.11,58864
39,-66.35714285714286,192.168.4.10,58864
39,-82.0,192.168.4.5,58880
39,-85.5,192.168.4.11,58880
39,-72.92307692307692,192.168.4.6,58880
39,-66.35714285714286,192.168.4.10,58880
39,-82.2,192.168.4.7,58880
39,-66.35714285714286,192.168.4.10,58928
39,-76.41666666666667,192.168.4.9,58944
39,-72.92307692307692,192.168.4.6,58944
39,-82.0,192.168.4.5,58944
39,-66.35714285714286,192.168.4.10,58944
40,-66.21428571428571,192.168.4.10,58960
40,-81.33333333333333,192.168.4.7,58960
40,-76.8,192.168.4.9,58960
40,-74.66666666666667,192.168.4.6,58960
40,-87.0,192.168.4.2,58960
40,-78.0,192.168.4.5,58960
40,-66.21428571428571,192.168.4.10,58976
40,-74.66666666666667,192.168.4.6,58976
40,-81.33333333333333,192.168.4.7,58976
40,-76.8,192.168.4.9,58976
40,-66.21428571428571,192.168.4.10,58992
40,-81.33333333333333,192.168.4.7,58992
40,-74.66666666666667,192.168.4.6,58992
40,-76.8,192.168.4.9,58992
40,-76.8,192.168.4.9,59008
40,-81.33333333333333,192.168.4.7,59008
40,-74.66666666666667,192.168.4.6,59008
40,-66.21428571428571,192.168.4.10,59008
40,-66.21428571428571,192.168.4.10,59040
40,-66.21428571428571,192.168.4.10,59056
40,-66.21428571428571,192.168.4.10,59104
40,-89.0,192.168.4.11,59136
40,-76.8,192.168.4.9,59136
40,-74.66666666666667,192.168.4.6,59136
40,-81.33333333333333,192.168.4.7,59136
40,-66.21428571428571,192.168.4.10,59136
40,-66.21428571428571,192.168.4.10,59152
40,-74.66666666666667,192.168.4.6,59152
40,-81.33333333333333,192.168.4.7,59168
40,-76.8,192.168.4.9,59168
40,-66.21428571428571,192.168.4.10,59168
40,-87.0,192.168.4.2,59184
40,-74.66666666666667,192.168.4.6,59184
40,-76.8,192.168.4.9,59184
40,-66.21428571428571,192.168.4.10,59184
40,-76.8,192.168.4.9,59216
40,-66.21428571428571,192.168.4.10,59216
40,-66.21428571428571,192.168.4.10,59232
40,-74.66666666666667,192.168.4.6,59232
40,-76.8,192.168.4.9,59232
40,-74.66666666666667,192.168.4.6,59248
40,-66.21428571428571,192.168.4.10,59248
40,-76.8,192.168.4.9,59248
41,-62.75,192.168.4.10,59264
41,-80.38461538461539,192.168.4.6,59280
41,-85.16666666666667,192.168.4.7,59280
41,-62.75,192.168.4.10,59280
41,-86.5,192.168.4.11,59280
41,-80.38461538461539,192.168.4.6,59296
41,-76.41666666666667,192.168.4.9,59296
41,-85.0,192.168.4.2,59296
41,-86.5,192.168.4.11,59296
41,-85.16666666666667,192.168.4.7,59296
41,-62.75,192.168.4.10,59296
41,-62.75,192.168.4.10,59312
41,-86.5,192.168.4.11,59312
41,-76.41666666666667,192.168.4.9,59312
41,-80.38461538461539,192.168.4.6,59312
41,-85.0,192.168.4.2,59312
41,-85.16666666666667,192.168.4.7,59312
41,-76.41666666666667,192.168.4.9,59328
41,-85.0,192.168.4.2,59328
41,-85.16666666666667,192.168.4.7,59328
41,-62.75,192.168.4.10,59328
41,-86.5,192.168.4.11,59328
41,-80.38461538461539,192.168.4.6,59328
41,-82.85714285714286,192.168.4.5,59328
41,-62.75,192.168.4.10,59344
41,-80.38461538461539,192.168.4.6,59344
41,-76.41666666666667,192.168.4.9,59360
41,-86.5,192.168.4.11,59360
41,-80.38461538461539,192.168.4.6,59360
41,-62.75,192.168.4.10,59360
41,-85.16666666666667,192.168.4.7,59360
41,-82.85714285714286,192.168.4.5,59360
41,-86.5,192.168.4.11,59376
41,-76.41666666666667,192.168.4.9,59376
41,-85.0,192.168.4.2,59376
41,-85.16666666666667,192.168.4.7,59376
41,-62.75,192.168.4.10,59376
41,-80.38461538461539,192.168.4.6,59376
41,-82.85714285714286,192.168.4.5,59376
41,-80.38461538461539,192.168.4.6,59392
41,-62.75,192.168.4.10,59392
41,-86.5,192.168.4.11,59392
41,-76.41666666666667,192.168.4.9,59392
41,-85.16666666666667,192.168.4.7,59392
41,-85.0,192.168.4.2,59392
41,-62.75,192.168.4.10,59408
41,-86.5,192.168.4.11,59408
41,-80.38461538461539,192.168.4.6,59408
41,-76.41666666666667,192.168.4.9,59408
41,-85.16666666666667,192.168.4.7,59408
41,-85.0,192.168.4.2,59408
41,-82.85714285714286,192.168.4.5,59456
41,-85.16666666666667,192.168.4.7,59456
41,-80.38461538461539,192.168.4.6,59456
41,-62.75,192.168.4.10,59456
41,-76.41666666666667,192.168.4.9,59456
41,-85.0,192.168.4.2,59456
41,-85.16666666666667,192.168.4.7,59472
41,-80.38461538461539,192.168.4.6,59472
41,-62.75,192.168.4.10,59472
41,-76.41666666666667,192.168.4.9,59472
41,-85.0,192.168.4.2,59472
41,-82.85714285714286,192.168.4.5,59472
41,-82.85714285714286,192.168.4.5,59488
41,-76.41666666666667,192.168.4.9,59488
41,-85.0,192.168.4.2,59488
41,-62.75,192.168.4.10,59488
41,-85.16666666666667,192.168.4.7,59488
41,-81.0,192.168.4.3,59488
41,-80.38461538461539,192.168.4.6,59488
41,-76.41666666666667,192.168.4.9,59504
41,-85.16666666666667,192.168.4.7,59504
41,-80.38461538461539,192.168.4.6,59504
41,-62.75,192.168.4.10,59504
41,-82.85714285714286,192.168.4.5,59520
41,-62.75,192.168.4.10,59520
41,-76.41666666666667,192.168.4.9,59520
41,-62.75,192.168.4.10,59536
42,-66.5,192.168.4.10,59552
42,-79.2,192.168.4.6,59600
42,-75.83333333333333,192.168.4.9,59600
42,-74.25,192.168.4.5,59600
42,-66.5,192.168.4.10,59600
42,-66.5,192.168.4.10,59632
42,-79.2,192.168.4.6,59648
42,-75.83333333333333,192.168.4.9,59648
42,-66.5,192.168.4.10,59648
42,-74.25,192.168.4.5,59648
42,-79.875,192.168.4.7,59648
42,-86.66666666666667,192.168.4.2,59648
42,-75.83333333333333,192.168.4.9,59664
42,-66.5,192.168.4.10,59664
42,-74.25,192.168.4.5,59664
42,-74.25,192.168.4.5,59680
42,-66.5,192.168.4.10,59680
42,-75.83333333333333,192.168.4.9,59680
42,-79.875,192.168.4.7,59728
42,-66.5,192.168.4.10,59728
42,-74.25,192.168.4.5,59728
42,-75.83333333333333,192.168.4.9,59728
42,-86.66666666666667,192.168.4.2,59728
42,-79.875,192.168.4.7,59744
42,-75.83333333333333,192.168.4.9,59744
42,-74.25,192.168.4.5,59744
42,-66.5,192.168.4.10,59744
42,-74.25,192.168.4.5,59760
42,-66.5,192.168.4.10,59760
42,-79.875,192.168.4.7,59760
42,-74.25,192.168.4.5,59776
42,-79.875,192.168.4.7,59776
42,-79.2,192.168.4.6,59776
42,-66.5,192.168.4.10,59776
42,-66.5,192.168.4.10,59792
42,-79.875,192.168.4.7,59792
42,-86.66666666666667,192.168.4.2,59792
42,-79.2,192.168.4.6,59792
42,-74.25,192.168.4.5,59792
42,-74.25,192.168.4.5,59808
42,-79.875,192.168.4.7,59808
42,-66.5,192.168.4.10,59808
42,-66.5,192.168.4.10,59824
42,-74.25,192.168.4.5,59824
42,-79.875,192.168.4.7,59824
42,-79.2,192.168.4.6,59840
42,-74.25,192.168.4.5,59840
42,-66.5,192.168.4.10,59840
43,-80.44444444444444,192.168.4.6,59856
43,-89.5,192.168.4.2,59856
43,-76.4,192.168.4.5,59856
43,-79.1,192.168.4.7,59856
43,-76.33333333333333,192.168.4.10,59856
43,-76.33333333333333,192.168.4.10,59904
43,-89.5,192.168.4.2,59904
43,-80.44444444444444,192.168.4.6,59904
43,-76.4,192.168.4.5,59904
43,-76.33333333333333,192.168.4.10,59920
43,-80.44444444444444,192.168.4.6,59920
43,-89.5,192.168.4.2,59920
43,-79.1,192.168.4.7,59920
43,-76.4,192.168.4.5,59920
43,-76.4,192.168.4.5,59936
43,-76.33333333333333,192.168.4.10,59936
43,-79.1,192.168.4.7,59936
43,-80.44444444444444,192.168.4.6,59952
43,-76.4,192.168.4.5,59952
43,-76.33333333333333,192.168.4.10,59952
43,-79.1,192.168.4.7,59984
43,-76.33333333333333,192.168.4.10,59984
43,-76.4,192.168.4.5,60000
43,-79.1,192.168.4.7,60000
43,-89.5,192.168.4.2,60016
43,-79.1,192.168.4.7,60016
43,-76.4,192.168.4.5,60016
43,-80.44444444444444,192.168.4.6,60016
43,-76.4,192.168.4.5,60048
43,-79.1,192.168.4.7,60048
43,-80.44444444444444,192.168.4.6,60080
43,-79.1,192.168.4.7,60080
43,-80.44444444444444,192.168.4.6,60096
43,-79.1,192.168.4.7,60096
43,-89.5,192.168.4.2,60096
43,-80.44444444444444,192.168.4.6,60128
43,-79.1,192.168.4.7,60128
43,-76.4,192.168.4.5,60128
43,-89.5,192.168.4.2,60144
43,-80.44444444444444,192.168.4.6,60144
43,-76.4,192.168.4.5,60144
44,-76.66666666666667,192.168.4.5,60192
44,-85.0,192.168.4.7,60256
44,-87.25,192.168.4.2,60256
44,-82.16666666666667,192.168.4.6,60256
44,-83.0,192.168.4.3,60256
44,-76.66666666666667,192.168.4.5,60256
44,-87.25,192.168.4.2,60288
44,-85.0,192.168.4.7,60288
44,-76.66666666666667,192.168.4.5,60288
44,-82.16666666666667,192.168.4.6,60288
44,-85.0,192.168.4.7,60352
44,-82.16666666666667,192.168.4.6,60352
44,-87.25,192.168.4.2,60352
44,-76.66666666666667,192.168.4.5,60352
44,-85.0,192.168.4.7,60368
44,-76.66666666666667,192.168.4.5,60368
44,-82.16666666666667,192.168.4.6,60384
44,-76.66666666666667,192.168.4.5,60384
44,-82.16666666666667,192.168.4.6,60400
44,-87.25,192.168.4.2,60400
44,-85.0,192.168.4.7,60400
44,-76.66666666666667,192.168.4.5,60400
44,-85.0,192.168.4.7,60416
44,-82.16666666666667,192.168.4.6,60416
44,-76.66666666666667,192.168.4.5,60416
44,-76.66666666666667,192.168.4.5,60432
45,-74.2,192.168.4.5,60480
45,-72.5,192.168.4.9,60480
45,-80.0,192.168.4.6,60480
45,-72.5,192.168.4.9,60528
45,-74.2,192.168.4.5,60528
45,-83.75,192.168.4.7,60576
45,-74.2,192.168.4.5,60576
45,-72.5,192.168.4.9,60576
45,-74.2,192.168.4.5,60592
45,-83.75,192.168.4.7,60592
45,-72.5,192.168.4.9,60592
45,-74.2,192.168.4.5,60624
45,-72.5,192.168.4.9,60624
45,-83.75,192.168.4.7,60624
45,-83.75,192.168.4.7,60640
45,-74.2,192.168.4.5,60640
45,-72.5,192.168.4.9,60640
45,-80.0,192.168.4.6,60640
45,-74.2,192.168.4.5,60656
45,-72.5,192.168.4.9,60656
45,-80.0,192.168.4.6,60688
45,-72.5,192.168.4.9,60688
45,-74.2,192.168.4.5,60688
45,-86.0,192.168.4.2,60688
45,-57.333333333333336,192.168.4.12,60688
45,-74.2,192.168.4.5,60704
45,-72.5,192.168.4.9,60704
45,-57.333333333333336,192.168.4.12,60704
45,-72.5,192.168.4.9,60736
45,-74.2,192.168.4.5,60736
45,-57.333333333333336,192.168.4.12,60736
46,-57.8,192.168.4.9,60752
46,-75.8,192.168.4.6,60752
46,-74.7,192.168.4.5,60752
46,-56.266666666666666,192.168.4.12,60752
46,-74.7,192.168.4.5,60768
46,-57.8,192.168.4.9,60768
46,-56.266666666666666,192.168.4.12,60768
46,-82.25,192.168.4.2,60768
46,-77.0,192.168.4.3,60784
46,-85.44444444444444,192.168.4.7,60784
46,-74.7,192.168.4.5,60784
46,-57.8,192.168.4.9,60784
46,-56.266666666666666,192.168.4.12,60784
46,-85.44444444444444,192.168.4.7,60800
46,-57.8,192.168.4.9,60800
46,-56.266666666666666,192.168.4.12,60800
46,-75.8,192.168.4.6,60800
46,-74.7,192.168.4.5,60800
46,-57.8,192.168.4.9,60816
46,-56.266666666666666,192.168.4.12,60816
46,-56.266666666666666,192.168.4.12,60832
46,-57.8,192.168.4.9,60832
46,-74.7,192.168.4.5,60832
46,-75.8,192.168.4.6,60848
46,-56.266666666666666,192.168.4.12,60848
46,-57.8,192.168.4.9,60848
46,-85.44444444444444,192.168.4.7,60848
46,-57.8,192.168.4.9,60896
46,-85.44444444444444,192.168.4.7,60896
46,-56.266666666666666,192.168.4.12,60896
46,-74.7,192.168.4.5,60912
46,-56.266666666666666,192.168.4.12,60912
46,-75.8,192.168.4.6,60912
46,-57.8,192.168.4.9,60912
46,-85.44444444444444,192.168.4.7,60912
46,-74.7,192.168.4.5,60928
46,-75.8,192.168.4.6,60928
46,-57.8,192.168.4.9,60928
46,-56.266666666666666,192.168.4.12,60928
46,-85.44444444444444,192.168.4.7,60928
46,-82.25,192.168.4.2,60944
46,-85.44444444444444,192.168.4.7,60944
46,-56.266666666666666,192.168.4.12,60944
46,-75.8,192.168.4.6,60944
46,-57.8,192.168.4.9,60944
46,-74.7,192.168.4.5,60944
46,-75.8,192.168.4.6,60960
46,-56.266666666666666,192.168.4.12,60960
46,-57.8,192.168.4.9,60960
46,-74.7,192.168.4.5,60960
46,-85.44444444444444,192.168.4.7,61008
46,-82.25,192.168.4.2,61008
46,-57.8,192.168.4.9,61008
46,-75.8,192.168.4.6,61008
46,-56.266666666666666,192.168.4.12,61008
46,-82.25,192.168.4.2,61024
46,-74.7,192.168.4.5,61024
46,-56.266666666666666,192.168.4.12,61024
46,-77.0,192.168.4.3,61024
46,-75.8,192.168.4.6,61024
46,-57.8,192.168.4.9,61024
46,-85.44444444444444,192.168.4.7,61024
46,-75.8,192.168.4.6,61040
46,-57.8,192.168.4.9,61040
46,-56.266666666666666,192.168.4.12,61040
47,-52.2,192.168.4.9,61056
47,-62.8235294117647,192.168.4.12,61056
47,-74.58333333333333,192.168.4.6,61056
47,-62.8235294117647,192.168.4.12,61072
47,-78.6923076923077,192.168.4.5,61072
47,-52.2,192.168.4.9,61072
47,-84.6,192.168.4.2,61072
47,-62.8235294117647,192.168.4.12,61088
47,-52.2,192.168.4.9,61088
47,-76.875,192.168.4.3,61104
47,-62.8235294117647,192.168.4.12,61104
47,-74.58333333333333,192.168.4.6,61104
47,-78.6923076923077,192.168.4.5,61104
47,-52.2,192.168.4.9,61104
47,-52.2,192.168.4.9,61120
47,-78.6923076923077,192.168.4.5,61120
47,-76.875,192.168.4.3,61120
47,-62.8235294117647,192.168.4.12,61120
47,-74.58333333333333,192.168.4.6,61120
47,-86.33333333333333,192.168.4.7,61120
47,-62.8235294117647,192.168.4.12,61136
47,-78.6923076923077,192.168.4.5,61136
47,-86.33333333333333,192.168.4.7,61136
47,-74.58333333333333,192.168.4.6,61136
47,-78.6923076923077,192.168.4.5,61152
47,-62.8235294117647,192.168.4.12,61152
47,-76.875,192.168.4.3,61152
47,-74.58333333333333,192.168.4.6,61152
47,-62.8235294117647,192.168.4.12,61168
47,-74.58333333333333,192.168.4.6,61168
47,-62.8235294117647,192.168.4.12,61184
47,-84.6,192.168.4.2,61184
47,-74.58333333333333,192.168.4.6,61184
47,-78.6923076923077,192.168.4.5,61184
47,-76.875,192.168.4.3,61232
47,-84.6,192.168.4.2,61232
47,-78.6923076923077,192.168.4.5,61232
47,-62.8235294117647,192.168.4.12,61232
47,-78.6923076923077,192.168.4.5,61248
47,-62.8235294117647,192.168.4.12,61248
47,-74.58333333333333,192.168.4.6,61264
47,-84.6,192.168.4.2,61264
47,-62.8235294117647,192.168.4.12,61264
47,-76.875,192.168.4.3,61264
47,-76.875,192.168.4.3,61280
47,-86.33333333333333,192.168.4.7,61280
47,-84.6,192.168.4.2,61280
47,-62.8235294117647,192.168.4.12,61280
47,-74.58333333333333,192.168.4.6,61280
47,-78.6923076923077,192.168.4.5,61280
47,-78.6923076923077,192.168.4.5,61296
47,-74.58333333333333,192.168.4.6,61296
47,-76.875,192.168.4.3,61296
47,-82.0,192.168.4.10,61296
47,-62.8235294117647,192.168.4.12,61296
47,-62.8235294117647,192.168.4.12,61312
47,-78.6923076923077,192.168.4.5,61312
47,-76.875,192.168.4.3,61312
47,-78.6923076923077,192.168.4.5,61328
47,-74.58333333333333,192.168.4.6,61328
47,-62.8235294117647,192.168.4.12,61328
47,-78.6923076923077,192.168.4.5,61344
47,-62.8235294117647,192.168.4.12,61344
47,-74.58333333333333,192.168.4.6,61344
48,-77.0,192.168.4.3,61360
48,-70.6923076923077,192.168.4.12,61360
48,-90.33333333333331,192.168.4.7,61360
48,-75.6923076923077,192.168.4.6,61360
48,-75.28571428571429,192.168.4.5,61360
48,-75.28571428571429,192.168.4.5,61392
48,-70.6923076923077,192.168.4.12,61392
48,-75.6923076923077,192.168.4.6,61392
48,-70.6923076923077,192.168.4.12,61440
48,-75.28571428571429,192.168.4.5,61440
48,-82.66666666666667,192.168.4.2,61440
48,-82.0,192.168.4.10,61440
48,-75.6923076923077,192.168.4.6,61440
48,-75.28571428571429,192.168.4.5,61456
48,-75.6923076923077,192.168.4.6,61456
48,-82.0,192.168.4.10,61456
48,-90.33333333333331,192.168.4.7,61456
48,-82.66666666666667,192.168.4.2,61456
48,-70.6923076923077,192.168.4.12,61456
48,-75.28571428571429,192.168.4.5,61472
48,-75.6923076923077,192.168.4.6,61472
48,-70.6923076923077,192.168.4.12,61472
48,-75.6923076923077,192.168.4.6,61504
48,-70.6923076923077,192.168.4.12,61520
48,-75.28571428571429,192.168.4.5,61536
48,-82.66666666666667,192.168.4.2,61536
48,-70.6923076923077,192.168.4.12,61536
48,-75.6923076923077,192.168.4.6,61536
48,-82.66666666666667,192.168.4.2,61552
48,-82.0,192.168.4.10,61552
48,-70.6923076923077,192.168.4.12,61552
48,-75.6923076923077,192.168.4.6,61552
48,-77.0,192.168.4.3,61584
48,-70.6923076923077,192.168.4.12,61584
48,-75.6923076923077,192.168.4.6,61584
48,-75.6923076923077,192.168.4.6,61600
48,-70.6923076923077,192.168.4.12,61600
48,-75.28571428571429,192.168.4.5,61600
48,-77.0,192.168.4.3,61600
48,-75.6923076923077,192.168.4.6,61616
48,-82.66666666666667,192.168.4.2,61616
48,-70.6923076923077,192.168.4.12,61616
48,-90.33333333333331,192.168.4.7,61616
48,-77.0,192.168.4.3,61616
48,-82.0,192.168.4.10,61616
48,-70.6923076923077,192.168.4.12,61632
48,-82.66666666666667,192.168.4.2,61632
48,-77.0,192.168.4.3,61632
48,-75.6923076923077,192.168.4.6,61632
48,-77.0,192.168.4.3,61648
48,-75.6923076923077,192.168.4.6,61648
48,-70.6923076923077,192.168.4.12,61648
49,-73.25,192.168.4.6,61696
49,-81.875,192.168.4.2,61696
49,-74.18181818181819,192.168.4.12,61696
49,-81.875,192.168.4.2,61712
49,-73.25,192.168.4.6,61712
49,-74.18181818181819,192.168.4.12,61712
49,-74.18181818181819,192.168.4.12,61728
49,-73.25,192.168.4.6,61728
49,-74.18181818181819,192.168.4.12,61760
49,-73.25,192.168.4.6,61760
49,-73.25,192.168.4.6,61792
49,-86.5,192.168.4.10,61792
49,-90.0,192.168.4.7,61792
49,-74.18181818181819,192.168.4.12,61792
49,-79.2,192.168.4.5,61792
49,-81.875,192.168.4.2,61792
49,-79.25,192.168.4.3,61792
49,-79.2,192.168.4.5,61808
49,-86.5,192.168.4.10,61808
49,-81.875,192.168.4.2,61808
49,-73.25,192.168.4.6,61808
49,-79.25,192.168.4.3,61808
49,-74.18181818181819,192.168.4.12,61840
49,-81.875,192.168.4.2,61840
49,-73.25,192.168.4.6,61840
49,-79.25,192.168.4.3,61840
49,-73.25,192.168.4.6,61872
49,-74.18181818181819,192.168.4.12,61872
49,-79.2,192.168.4.5,61872
49,-74.18181818181819,192.168.4.12,61888
49,-73.25,192.168.4.6,61888
49,-86.5,192.168.4.10,61888
49,-81.875,192.168.4.2,61904
49,-86.5,192.168.4.10,61904
49,-73.25,192.168.4.6,61904
49,-74.18181818181819,192.168.4.12,61904
49,-79.2,192.168.4.5,61920
49,-73.25,192.168.4.6,61920
49,-81.875,192.168.4.2,61920
49,-79.25,192.168.4.3,61920
49,-74.18181818181819,192.168.4.12,61920
49,-74.18181818181819,192.168.4.12,61936
49,-79.2,192.168.4.5,61936
49,-73.25,192.168.4.6,61936
49,-81.875,192.168.4.2,61936
50,-79.5,192.168.4.5,61984
50,-70.875,192.168.4.6,62048
50,-81.25,192.168.4.2,62112
50,-73.33333333333333,192.168.4.3,62112
50,-79.5,192.168.4.5,62112
50,-70.875,192.168.4.6,62112
50,-79.2,192.168.4.12,62112
50,-70.875,192.168.4.6,62144
50,-79.5,192.168.4.5,62144
50,-81.25,192.168.4.2,62144
50,-79.5,192.168.4.5,62176
50,-70.875,192.168.4.6,62176
50,-90.25,192.168.4.7,62176
50,-81.25,192.168.4.2,62176
50,-79.2,192.168.4.12,62176
50,-90.25,192.168.4.7,62192
50,-70.875,192.168.4.6,62192
50,-79.2,192.168.4.12,62192
50,-90.25,192.168.4.7,62208
50,-79.2,192.168.4.12,62208
50,-79.5,192.168.4.5,62208
50,-73.33333333333333,192.168.4.3,62208
50,-79.0,192.168.4.10,62208
50,-70.875,192.168.4.6,62208
50,-70.875,192.168.4.6,62224
50,-79.0,192.168.4.10,62224
50,-70.875,192.168.4.6,62240
50,-79.5,192.168.4.5,62240
50,-79.0,192.168.4.10,62240
50,-73.33333333333333,192.168.4.3,62240
50,-79.2,192.168.4.12,62240
50,-81.25,192.168.4.2,62240
50,-90.25,192.168.4.7,62240
51,-88.5,192.168.4.7,62256
51,-70.3125,192.168.4.6,62256
51,-77.21428571428571,192.168.4.10,62256
51,-80.18181818181819,192.168.4.12,62256
51,-77.21428571428571,192.168.4.10,62272
51,-80.18181818181819,192.168.4.12,62304
51,-81.5,192.168.4.5,62304
51,-77.21428571428571,192.168.4.10,62304
51,-83.33333333333333,192.168.4.2,62304
51,-70.3125,192.168.4.6,62304
51,-75.33333333333333,192.168.4.3,62304
51,-70.3125,192.168.4.6,62320
51,-83.33333333333333,192.168.4.2,62320
51,-75.33333333333333,192.168.4.3,62320
51,-81.5,192.168.4.5,62320
51,-77.21428571428571,192.168.4.10,62320
51,-80.18181818181819,192.168.4.12,62320
51,-77.21428571428571,192.168.4.10,62352
51,-70.3125,192.168.4.6,62352
51,-70.3125,192.168.4.6,62368
51,-75.33333333333333,192.168.4.3,62368
51,-77.21428571428571,192.168.4.10,62384
51,-75.33333333333333,192.168.4.3,62384
51,-70.3125,192.168.4.6,62384
51,-88.5,192.168.4.7,62384
51,-80.18181818181819,192.168.4.12,62384
51,-70.3125,192.168.4.6,62400
51,-88.5,192.168.4.7,62400
51,-83.33333333333333,192.168.4.2,62400
51,-75.33333333333333,192.168.4.3,62400
51,-80.18181818181819,192.168.4.12,62416
51,-70.3125,192.168.4.6,62416
51,-77.21428571428571,192.168.4.10,62416
51,-75.33333333333333,192.168.4.3,62416
51,-77.21428571428571,192.168.4.10,62432
51,-75.33333333333333,192.168.4.3,62432
51,-70.3125,192.168.4.6,62432
51,-70.3125,192.168.4.6,62448
51,-77.21428571428571,192.168.4.10,62448
51,-75.33333333333333,192.168.4.3,62448
51,-81.5,192.168.4.5,62448
51,-83.33333333333333,192.168.4.2,62464
51,-80.18181818181819,192.168.4.12,62464
51,-75.33333333333333,192.168.4.3,62464
51,-70.3125,192.168.4.6,62464
51,-88.5,192.168.4.7,62464
51,-81.5,192.168.4.5,62464
51,-77.21428571428571,192.168.4.10,62480
51,-80.18181818181819,192.168.4.12,62480
51,-83.33333333333333,192.168.4.2,62480
51,-70.3125,192.168.4.6,62480
51,-80.18181818181819,192.168.4.12,62496
51,-70.3125,192.168.4.6,62496
51,-75.33333333333333,192.168.4.3,62496
51,-77.21428571428571,192.168.4.10,62496
51,-83.33333333333333,192.168.4.2,62496
51,-88.5,192.168.4.7,62496
51,-70.3125,192.168.4.6,62512
51,-77.21428571428571,192.168.4.10,62512
51,-88.5,192.168.4.7,62512
51,-75.33333333333333,192.168.4.3,62512
51,-80.18181818181819,192.168.4.12,62512
51,-83.33333333333333,192.168.4.2,62512
51,-83.33333333333333,192.168.4.2,62528
51,-80.18181818181819,192.168.4.12,62528
51,-70.3125,192.168.4.6,62528
51,-77.21428571428571,192.168.4.10,62528
51,-81.5,192.168.4.5,62528
51,-83.33333333333333,192.168.4.2,62544
51,-80.18181818181819,192.168.4.12,62544
51,-70.3125,192.168.4.6,62544
51,-81.5,192.168.4.5,62544
51,-75.33333333333333,192.168.4.3,62544
51,-77.21428571428571,192.168.4.10,62544
52,-80.16666666666667,192.168.4.5,62608
52,-88.33333333333333,192.168.4.7,62608
52,-81.33333333333333,192.168.4.12,62608
52,-80.75,192.168.4.2,62608
52,-69.4,192.168.4.6,62608
52,-77.5,192.168.4.10,62608
52,-77.5,192.168.4.10,62640
52,-77.33333333333333,192.168.4.3,62640
52,-69.4,192.168.4.6,62640
52,-81.33333333333333,192.168.4.12,62640
52,-88.33333333333333,192.168.4.7,62640
52,-80.75,192.168.4.2,62640
52,-88.33333333333333,192.168.4.7,62656
52,-80.16666666666667,192.168.4.5,62656
52,-80.75,192.168.4.2,62656
52,-77.5,192.168.4.10,62656
52,-69.4,192.168.4.6,62656
52,-80.16666666666667,192.168.4.5,62736
52,-77.5,192.168.4.10,62736
52,-70.33333333333333,192.168.4.9,62736
52,-77.5,192.168.4.10,62752
52,-70.33333333333333,192.168.4.9,62752
52,-80.16666666666667,192.168.4.5,62752
52,-80.16666666666667,192.168.4.5,62768
52,-77.5,192.168.4.10,62768
52,-81.33333333333333,192.168.4.12,62768
52,-77.33333333333333,192.168.4.3,62768
52,-69.4,192.168.4.6,62768
52,-70.33333333333333,192.168.4.9,62768
52,-80.75,192.168.4.2,62768
52,-77.33333333333333,192.168.4.3,62816
52,-80.16666666666667,192.168.4.5,62816
52,-69.4,192.168.4.6,62816
53,-76.0,192.168.4.6,62864
53,-70.85714285714286,192.168.4.9,62864
53,-70.85714285714286,192.168.4.9,62880
53,-76.0,192.168.4.6,62896
53,-70.85714285714286,192.168.4.9,62896
53,-78.33333333333333,192.168.4.12,62896
53,-78.4,192.168.4.10,62896
53,-80.0,192.168.4.5,62896
53,-80.0,192.168.4.5,62912
53,-76.0,192.168.4.6,62912
53,-70.85714285714286,192.168.4.9,62912
53,-78.4,192.168.4.10,62912
53,-83.5,192.168.4.2,62912
53,-87.5,192.168.4.7,62912
53,-78.33333333333333,192.168.4.12,62912
53,-70.85714285714286,192.168.4.9,62944
53,-78.4,192.168.4.10,62944
53,-80.0,192.168.4.5,62944
53,-76.0,192.168.4.6,62944
53,-70.85714285714286,192.168.4.9,62960
53,-80.0,192.168.4.5,62976
53,-78.4,192.168.4.10,62976
53,-87.0,192.168.4.11,62992
53,-76.0,192.168.4.6,62992
53,-78.4,192.168.4.10,62992
53,-78.33333333333333,192.168.4.12,62992
53,-83.5,192.168.4.2,62992
53,-87.5,192.168.4.7,62992
53,-80.0,192.168.4.5,62992
53,-70.85714285714286,192.168.4.9,62992
